{ "frames": {
   "0": {
    "frame": { "x": 1, "y": 1, "w": 34, "h": 58 },
    "rotated": false,
    "trimmed": true,
    "spriteSourceSize": { "x": 0, "y": 38, "w": 32, "h": 56 },
    "sourceSize": { "w": 32, "h": 96 },
    "duration": 100
   },
   "1": {
    "frame": { "x": 36, "y": 1, "w": 32, "h": 70 },
    "rotated": false,
    "trimmed": true,
    "spriteSourceSize": { "x": 0, "y": 26, "w": 30, "h": 68 },
    "sourceSize": { "w": 32, "h": 96 },
    "duration": 100
   },
   "2": {
    "frame": { "x": 69, "y": 1, "w": 26, "h": 78 },
    "rotated": false,
    "trimmed": true,
    "spriteSourceSize": { "x": 0, "y": 18, "w": 24, "h": 76 },
    "sourceSize": { "w": 32, "h": 96 },
    "duration": 100
   },
   "3": {
    "frame": { "x": 96, "y": 1, "w": 20, "h": 86 },
    "rotated": false,
    "trimmed": true,
    "spriteSourceSize": { "x": 0, "y": 10, "w": 18, "h": 84 },
    "sourceSize": { "w": 32, "h": 96 },
    "duration": 100
   },
   "4": {
    "frame": { "x": 117, "y": 1, "w": 8, "h": 88 },
    "rotated": false,
    "trimmed": true,
    "spriteSourceSize": { "x": 0, "y": 8, "w": 6, "h": 86 },
    "sourceSize": { "w": 32, "h": 96 },
    "duration": 100
   },
   "5": {
    "frame": { "x": 126, "y": 1, "w": 20, "h": 86 },
    "rotated": false,
    "trimmed": true,
    "spriteSourceSize": { "x": 0, "y": 10, "w": 18, "h": 84 },
    "sourceSize": { "w": 32, "h": 96 },
    "duration": 100
   },
   "6": {
    "frame": { "x": 147, "y": 1, "w": 26, "h": 78 },
    "rotated": false,
    "trimmed": true,
    "spriteSourceSize": { "x": 0, "y": 18, "w": 24, "h": 76 },
    "sourceSize": { "w": 32, "h": 96 },
    "duration": 100
   },
   "7": {
    "frame": { "x": 174, "y": 1, "w": 32, "h": 70 },
    "rotated": false,
    "trimmed": true,
    "spriteSourceSize": { "x": 0, "y": 26, "w": 30, "h": 68 },
    "sourceSize": { "w": 32, "h": 96 },
    "duration": 100
   },
   "8": {
    "frame": { "x": 207, "y": 1, "w": 34, "h": 58 },
    "rotated": false,
    "trimmed": true,
    "spriteSourceSize": { "x": 0, "y": 38, "w": 32, "h": 56 },
    "sourceSize": { "w": 32, "h": 96 },
    "duration": 100
   }
 },
 "meta": {
  "app": "https://www.aseprite.org/",
  "version": "1.3.2-arm64",
  "image": "bathroomDoor.png",
  "format": "I8",
  "size": { "w": 242, "h": 90 },
  "scale": "1",
  "frameTags": [
   { "name": "open_door", "from": 1, "to": 4, "direction": "forward", "color": "#000000ff" },
   { "name": "close_door", "from": 5, "to": 8, "direction": "forward", "color": "#000000ff" }
  ],
  "layers": [
   { "name": "Layer", "opacity": 255, "blendMode": "normal" }
  ],
  "slices": [
  ]
 }
}
