{
  "frames": {
    "0": {
      "frame": { "x": 1, "y": 1, "w": 22, "h": 17 },
      "rotated": false,
      "trimmed": true,
      "spriteSourceSize": { "x": 8, "y": 12, "w": 22, "h": 17 },
      "sourceSize": { "w": 32, "h": 32 },
      "duration": 100
    },
    "1": {
      "frame": { "x": 24, "y": 1, "w": 16, "h": 19 },
      "rotated": false,
      "trimmed": true,
      "spriteSourceSize": { "x": 8, "y": 10, "w": 16, "h": 19 },
      "sourceSize": { "w": 32, "h": 32 },
      "duration": 100
    },
    "2": {
      "frame": { "x": 41, "y": 1, "w": 15, "h": 19 },
      "rotated": false,
      "trimmed": true,
      "spriteSourceSize": { "x": 8, "y": 10, "w": 15, "h": 19 },
      "sourceSize": { "w": 32, "h": 32 },
      "duration": 100
    },
    "3": {
      "frame": { "x": 57, "y": 1, "w": 16, "h": 19 },
      "rotated": false,
      "trimmed": true,
      "spriteSourceSize": { "x": 8, "y": 10, "w": 16, "h": 19 },
      "sourceSize": { "w": 32, "h": 32 },
      "duration": 100
    },
    "4": {
      "frame": { "x": 74, "y": 1, "w": 11, "h": 24 },
      "rotated": false,
      "trimmed": true,
      "spriteSourceSize": { "x": 9, "y": 5, "w": 11, "h": 24 },
      "sourceSize": { "w": 32, "h": 32 },
      "duration": 100
    },
    "5": {
      "frame": { "x": 86, "y": 1, "w": 10, "h": 26 },
      "rotated": false,
      "trimmed": true,
      "spriteSourceSize": { "x": 11, "y": 3, "w": 10, "h": 26 },
      "sourceSize": { "w": 32, "h": 32 },
      "duration": 100
    },
    "6": {
      "frame": { "x": 97, "y": 1, "w": 11, "h": 24 },
      "rotated": false,
      "trimmed": true,
      "spriteSourceSize": { "x": 11, "y": 5, "w": 11, "h": 24 },
      "sourceSize": { "w": 32, "h": 32 },
      "duration": 100
    },
    "7": {
      "frame": { "x": 109, "y": 1, "w": 10, "h": 26 },
      "rotated": false,
      "trimmed": true,
      "spriteSourceSize": { "x": 11, "y": 3, "w": 10, "h": 26 },
      "sourceSize": { "w": 32, "h": 32 },
      "duration": 100
    },
    "8": {
      "frame": { "x": 120, "y": 1, "w": 17, "h": 17 },
      "rotated": false,
      "trimmed": true,
      "spriteSourceSize": { "x": 8, "y": 12, "w": 17, "h": 17 },
      "sourceSize": { "w": 32, "h": 32 },
      "duration": 100
    },
    "9": {
      "frame": { "x": 138, "y": 1, "w": 17, "h": 17 },
      "rotated": false,
      "trimmed": true,
      "spriteSourceSize": { "x": 8, "y": 12, "w": 17, "h": 17 },
      "sourceSize": { "w": 32, "h": 32 },
      "duration": 100
    },
    "10": {
      "frame": { "x": 156, "y": 1, "w": 20, "h": 19 },
      "rotated": false,
      "trimmed": true,
      "spriteSourceSize": { "x": 5, "y": 10, "w": 20, "h": 19 },
      "sourceSize": { "w": 32, "h": 32 },
      "duration": 100
    },
    "11": {
      "frame": { "x": 177, "y": 1, "w": 20, "h": 19 },
      "rotated": false,
      "trimmed": true,
      "spriteSourceSize": { "x": 5, "y": 10, "w": 20, "h": 19 },
      "sourceSize": { "w": 32, "h": 32 },
      "duration": 100
    },
    "12": {
      "frame": { "x": 198, "y": 1, "w": 17, "h": 17 },
      "rotated": false,
      "trimmed": true,
      "spriteSourceSize": { "x": 7, "y": 12, "w": 17, "h": 17 },
      "sourceSize": { "w": 32, "h": 32 },
      "duration": 100
    },
    "13": {
      "frame": { "x": 216, "y": 1, "w": 17, "h": 17 },
      "rotated": false,
      "trimmed": true,
      "spriteSourceSize": { "x": 7, "y": 12, "w": 17, "h": 17 },
      "sourceSize": { "w": 32, "h": 32 },
      "duration": 100
    },
    "14": {
      "frame": { "x": 234, "y": 1, "w": 20, "h": 19 },
      "rotated": false,
      "trimmed": true,
      "spriteSourceSize": { "x": 7, "y": 10, "w": 20, "h": 19 },
      "sourceSize": { "w": 32, "h": 32 },
      "duration": 100
    },
    "15": {
      "frame": { "x": 255, "y": 1, "w": 20, "h": 19 },
      "rotated": false,
      "trimmed": true,
      "spriteSourceSize": { "x": 7, "y": 10, "w": 20, "h": 19 },
      "sourceSize": { "w": 32, "h": 32 },
      "duration": 100
    },
    "16": {
      "frame": { "x": 276, "y": 1, "w": 13, "h": 20 },
      "rotated": false,
      "trimmed": true,
      "spriteSourceSize": { "x": 12, "y": 9, "w": 13, "h": 20 },
      "sourceSize": { "w": 32, "h": 32 },
      "duration": 100
    },
    "17": {
      "frame": { "x": 290, "y": 1, "w": 13, "h": 20 },
      "rotated": false,
      "trimmed": true,
      "spriteSourceSize": { "x": 12, "y": 9, "w": 13, "h": 20 },
      "sourceSize": { "w": 32, "h": 32 },
      "duration": 100
    },
    "18": {
      "frame": { "x": 304, "y": 1, "w": 13, "h": 20 },
      "rotated": false,
      "trimmed": true,
      "spriteSourceSize": { "x": 8, "y": 9, "w": 13, "h": 20 },
      "sourceSize": { "w": 32, "h": 32 },
      "duration": 100
    },
    "19": {
      "frame": { "x": 318, "y": 1, "w": 18, "h": 17 },
      "rotated": false,
      "trimmed": true,
      "spriteSourceSize": { "x": 8, "y": 12, "w": 18, "h": 17 },
      "sourceSize": { "w": 32, "h": 32 },
      "duration": 100
    },
    "20": {
      "frame": { "x": 337, "y": 1, "w": 20, "h": 17 },
      "rotated": false,
      "trimmed": true,
      "spriteSourceSize": { "x": 8, "y": 12, "w": 20, "h": 17 },
      "sourceSize": { "w": 32, "h": 32 },
      "duration": 100
    },
    "21": {
      "frame": { "x": 358, "y": 1, "w": 18, "h": 17 },
      "rotated": false,
      "trimmed": true,
      "spriteSourceSize": { "x": 8, "y": 12, "w": 18, "h": 17 },
      "sourceSize": { "w": 32, "h": 32 },
      "duration": 100
    },
    "22": {
      "frame": { "x": 377, "y": 1, "w": 12, "h": 17 },
      "rotated": false,
      "trimmed": true,
      "spriteSourceSize": { "x": 9, "y": 12, "w": 12, "h": 17 },
      "sourceSize": { "w": 32, "h": 32 },
      "duration": 100
    },
    "23": {
      "frame": { "x": 390, "y": 1, "w": 12, "h": 17 },
      "rotated": false,
      "trimmed": true,
      "spriteSourceSize": { "x": 9, "y": 12, "w": 12, "h": 17 },
      "sourceSize": { "w": 32, "h": 32 },
      "duration": 100
    },
    "24": {
      "frame": { "x": 403, "y": 1, "w": 12, "h": 17 },
      "rotated": false,
      "trimmed": true,
      "spriteSourceSize": { "x": 10, "y": 12, "w": 12, "h": 17 },
      "sourceSize": { "w": 32, "h": 32 },
      "duration": 100
    },
    "25": {
      "frame": { "x": 416, "y": 1, "w": 12, "h": 17 },
      "rotated": false,
      "trimmed": true,
      "spriteSourceSize": { "x": 10, "y": 12, "w": 12, "h": 17 },
      "sourceSize": { "w": 32, "h": 32 },
      "duration": 100
    },
    "26": {
      "frame": { "x": 429, "y": 1, "w": 17, "h": 17 },
      "rotated": false,
      "trimmed": true,
      "spriteSourceSize": { "x": 9, "y": 12, "w": 17, "h": 17 },
      "sourceSize": { "w": 32, "h": 32 },
      "duration": 100
    },
    "27": {
      "frame": { "x": 447, "y": 1, "w": 18, "h": 17 },
      "rotated": false,
      "trimmed": true,
      "spriteSourceSize": { "x": 8, "y": 12, "w": 18, "h": 17 },
      "sourceSize": { "w": 32, "h": 32 },
      "duration": 100
    },
    "28": {
      "frame": { "x": 466, "y": 1, "w": 18, "h": 17 },
      "rotated": false,
      "trimmed": true,
      "spriteSourceSize": { "x": 2, "y": 12, "w": 18, "h": 17 },
      "sourceSize": { "w": 32, "h": 32 },
      "duration": 100
    },
    "29": {
      "frame": { "x": 485, "y": 1, "w": 19, "h": 10 },
      "rotated": false,
      "trimmed": true,
      "spriteSourceSize": { "x": 8, "y": 19, "w": 19, "h": 10 },
      "sourceSize": { "w": 32, "h": 32 },
      "duration": 100
    },
    "30": {
      "frame": { "x": 505, "y": 1, "w": 19, "h": 19 },
      "rotated": false,
      "trimmed": true,
      "spriteSourceSize": { "x": 7, "y": 10, "w": 19, "h": 19 },
      "sourceSize": { "w": 32, "h": 32 },
      "duration": 100
    },
    "31": {
      "frame": { "x": 525, "y": 1, "w": 19, "h": 19 },
      "rotated": false,
      "trimmed": true,
      "spriteSourceSize": { "x": 7, "y": 10, "w": 19, "h": 19 },
      "sourceSize": { "w": 32, "h": 32 },
      "duration": 100
    },
    "32": {
      "frame": { "x": 545, "y": 1, "w": 19, "h": 19 },
      "rotated": false,
      "trimmed": true,
      "spriteSourceSize": { "x": 7, "y": 10, "w": 19, "h": 19 },
      "sourceSize": { "w": 32, "h": 32 },
      "duration": 100
    },
    "33": {
      "frame": { "x": 565, "y": 1, "w": 19, "h": 19 },
      "rotated": false,
      "trimmed": true,
      "spriteSourceSize": { "x": 7, "y": 10, "w": 19, "h": 19 },
      "sourceSize": { "w": 32, "h": 32 },
      "duration": 100
    },
    "34": {
      "frame": { "x": 585, "y": 1, "w": 19, "h": 19 },
      "rotated": false,
      "trimmed": true,
      "spriteSourceSize": { "x": 5, "y": 10, "w": 19, "h": 19 },
      "sourceSize": { "w": 32, "h": 32 },
      "duration": 100
    },
    "35": {
      "frame": { "x": 605, "y": 1, "w": 19, "h": 19 },
      "rotated": false,
      "trimmed": true,
      "spriteSourceSize": { "x": 7, "y": 10, "w": 19, "h": 19 },
      "sourceSize": { "w": 32, "h": 32 },
      "duration": 100
    },
    "36": {
      "frame": { "x": 625, "y": 1, "w": 19, "h": 19 },
      "rotated": false,
      "trimmed": true,
      "spriteSourceSize": { "x": 10, "y": 10, "w": 19, "h": 19 },
      "sourceSize": { "w": 32, "h": 32 },
      "duration": 100
    }
  },
  "meta": {
    "app": "https://www.aseprite.org/",
    "version": "1.3.2-x64",
    "image": "BlackCat.png",
    "format": "RGBA8888",
    "size": { "w": 645, "h": 28 },
    "scale": "1",
    "frameTags": [
      {
        "name": "wait_down",
        "from": 0,
        "to": 3,
        "direction": "forward",
        "color": "#000000ff"
      },
      {
        "name": "down_move",
        "from": 4,
        "to": 7,
        "direction": "forward",
        "color": "#000000ff"
      },
      {
        "name": "right_move",
        "from": 8,
        "to": 11,
        "direction": "forward",
        "color": "#000000ff"
      },
      {
        "name": "left_move",
        "from": 12,
        "to": 15,
        "direction": "forward",
        "color": "#000000ff"
      },
      {
        "name": "up_move",
        "from": 16,
        "to": 18,
        "direction": "forward",
        "color": "#000000ff"
      },
      {
        "name": "take_right",
        "from": 19,
        "to": 21,
        "direction": "forward",
        "color": "#000000ff"
      },
      {
        "name": "sit_down",
        "from": 22,
        "to": 23,
        "direction": "forward",
        "color": "#000000ff"
      },
      {
        "name": "sit_up",
        "from": 24,
        "to": 25,
        "direction": "forward",
        "color": "#000000ff"
      },
      {
        "name": "sleep",
        "from": 26,
        "to": 29,
        "direction": "forward",
        "color": "#000000ff"
      },
      {
        "name": "angry",
        "from": 30,
        "to": 32,
        "direction": "forward",
        "color": "#000000ff"
      },
      {
        "name": "before_hunt",
        "from": 33,
        "to": 36,
        "direction": "forward",
        "color": "#000000ff"
      }
    ],
    "layers": [
      { "name": "before_hunt", "opacity": 255, "blendMode": "normal" }
    ],
    "slices": []
  }
}
