{ "frames": {
   "0": {
    "frame": { "x": 491, "y": 126, "w": 226, "h": 126 },
    "rotated": false,
    "trimmed": true,
    "spriteSourceSize": { "x": 31, "y": 18, "w": 224, "h": 124 },
    "sourceSize": { "w": 289, "h": 149 },
    "duration": 100
   },
   "1": {
    "frame": { "x": 728, "y": 1, "w": 232, "h": 126 },
    "rotated": false,
    "trimmed": true,
    "spriteSourceSize": { "x": 25, "y": 18, "w": 230, "h": 124 },
    "sourceSize": { "w": 289, "h": 149 },
    "duration": 100
   },
   "2": {
    "frame": { "x": 491, "y": 1, "w": 236, "h": 124 },
    "rotated": false,
    "trimmed": true,
    "spriteSourceSize": { "x": 21, "y": 18, "w": 234, "h": 122 },
    "sourceSize": { "w": 289, "h": 149 },
    "duration": 100
   },
   "3": {
    "frame": { "x": 248, "y": 1, "w": 242, "h": 126 },
    "rotated": false,
    "trimmed": true,
    "spriteSourceSize": { "x": 15, "y": 18, "w": 240, "h": 124 },
    "sourceSize": { "w": 289, "h": 149 },
    "duration": 100
   },
   "4": {
    "frame": { "x": 248, "y": 128, "w": 226, "h": 126 },
    "rotated": false,
    "trimmed": true,
    "spriteSourceSize": { "x": 34, "y": 18, "w": 224, "h": 124 },
    "sourceSize": { "w": 289, "h": 149 },
    "duration": 100
   },
   "5": {
    "frame": { "x": 961, "y": 1, "w": 232, "h": 126 },
    "rotated": false,
    "trimmed": true,
    "spriteSourceSize": { "x": 34, "y": 18, "w": 230, "h": 124 },
    "sourceSize": { "w": 289, "h": 149 },
    "duration": 100
   },
   "6": {
    "frame": { "x": 1, "y": 1, "w": 246, "h": 133 },
    "rotated": false,
    "trimmed": true,
    "spriteSourceSize": { "x": 35, "y": 11, "w": 244, "h": 131 },
    "sourceSize": { "w": 289, "h": 149 },
    "duration": 100
   },
   "7": {
    "frame": { "x": 1, "y": 1, "w": 246, "h": 133 },
    "rotated": false,
    "trimmed": true,
    "spriteSourceSize": { "x": 35, "y": 11, "w": 244, "h": 131 },
    "sourceSize": { "w": 289, "h": 149 },
    "duration": 100
   },
   "8": {
    "frame": { "x": 718, "y": 128, "w": 222, "h": 126 },
    "rotated": false,
    "trimmed": true,
    "spriteSourceSize": { "x": 34, "y": 15, "w": 220, "h": 124 },
    "sourceSize": { "w": 289, "h": 149 },
    "duration": 100
   },
   "9": {
    "frame": { "x": 941, "y": 128, "w": 222, "h": 126 },
    "rotated": false,
    "trimmed": true,
    "spriteSourceSize": { "x": 34, "y": 15, "w": 220, "h": 124 },
    "sourceSize": { "w": 289, "h": 149 },
    "duration": 100
   },
   "10": {
    "frame": { "x": 1, "y": 135, "w": 222, "h": 126 },
    "rotated": false,
    "trimmed": true,
    "spriteSourceSize": { "x": 34, "y": 15, "w": 220, "h": 124 },
    "sourceSize": { "w": 289, "h": 149 },
    "duration": 100
   },
   "11": {
    "frame": { "x": 475, "y": 253, "w": 222, "h": 126 },
    "rotated": false,
    "trimmed": true,
    "spriteSourceSize": { "x": 34, "y": 15, "w": 220, "h": 124 },
    "sourceSize": { "w": 289, "h": 149 },
    "duration": 100
   },
   "12": {
    "frame": { "x": 224, "y": 255, "w": 222, "h": 126 },
    "rotated": false,
    "trimmed": true,
    "spriteSourceSize": { "x": 34, "y": 15, "w": 220, "h": 124 },
    "sourceSize": { "w": 289, "h": 149 },
    "duration": 100
   },
   "13": {
    "frame": { "x": 698, "y": 255, "w": 222, "h": 126 },
    "rotated": false,
    "trimmed": true,
    "spriteSourceSize": { "x": 34, "y": 15, "w": 220, "h": 124 },
    "sourceSize": { "w": 289, "h": 149 },
    "duration": 100
   },
   "14": {
    "frame": { "x": 921, "y": 255, "w": 222, "h": 126 },
    "rotated": false,
    "trimmed": true,
    "spriteSourceSize": { "x": 34, "y": 15, "w": 220, "h": 124 },
    "sourceSize": { "w": 289, "h": 149 },
    "duration": 100
   },
   "15": {
    "frame": { "x": 1, "y": 262, "w": 222, "h": 126 },
    "rotated": false,
    "trimmed": true,
    "spriteSourceSize": { "x": 34, "y": 15, "w": 220, "h": 124 },
    "sourceSize": { "w": 289, "h": 149 },
    "duration": 100
   },
   "16": {
    "frame": { "x": 447, "y": 380, "w": 222, "h": 126 },
    "rotated": false,
    "trimmed": true,
    "spriteSourceSize": { "x": 34, "y": 15, "w": 220, "h": 124 },
    "sourceSize": { "w": 289, "h": 149 },
    "duration": 100
   },
   "17": {
    "frame": { "x": 224, "y": 382, "w": 222, "h": 126 },
    "rotated": false,
    "trimmed": true,
    "spriteSourceSize": { "x": 34, "y": 15, "w": 220, "h": 124 },
    "sourceSize": { "w": 289, "h": 149 },
    "duration": 100
   },
   "18": {
    "frame": { "x": 670, "y": 382, "w": 222, "h": 126 },
    "rotated": false,
    "trimmed": true,
    "spriteSourceSize": { "x": 34, "y": 15, "w": 220, "h": 124 },
    "sourceSize": { "w": 289, "h": 149 },
    "duration": 100
   },
   "19": {
    "frame": { "x": 224, "y": 382, "w": 222, "h": 126 },
    "rotated": false,
    "trimmed": true,
    "spriteSourceSize": { "x": 34, "y": 15, "w": 220, "h": 124 },
    "sourceSize": { "w": 289, "h": 149 },
    "duration": 100
   },
   "20": {
    "frame": { "x": 447, "y": 380, "w": 222, "h": 126 },
    "rotated": false,
    "trimmed": true,
    "spriteSourceSize": { "x": 34, "y": 15, "w": 220, "h": 124 },
    "sourceSize": { "w": 289, "h": 149 },
    "duration": 100
   },
   "21": {
    "frame": { "x": 1, "y": 262, "w": 222, "h": 126 },
    "rotated": false,
    "trimmed": true,
    "spriteSourceSize": { "x": 34, "y": 15, "w": 220, "h": 124 },
    "sourceSize": { "w": 289, "h": 149 },
    "duration": 100
   },
   "22": {
    "frame": { "x": 921, "y": 255, "w": 222, "h": 126 },
    "rotated": false,
    "trimmed": true,
    "spriteSourceSize": { "x": 34, "y": 15, "w": 220, "h": 124 },
    "sourceSize": { "w": 289, "h": 149 },
    "duration": 100
   },
   "23": {
    "frame": { "x": 698, "y": 255, "w": 222, "h": 126 },
    "rotated": false,
    "trimmed": true,
    "spriteSourceSize": { "x": 34, "y": 15, "w": 220, "h": 124 },
    "sourceSize": { "w": 289, "h": 149 },
    "duration": 100
   },
   "24": {
    "frame": { "x": 224, "y": 255, "w": 222, "h": 126 },
    "rotated": false,
    "trimmed": true,
    "spriteSourceSize": { "x": 34, "y": 15, "w": 220, "h": 124 },
    "sourceSize": { "w": 289, "h": 149 },
    "duration": 100
   },
   "25": {
    "frame": { "x": 475, "y": 253, "w": 222, "h": 126 },
    "rotated": false,
    "trimmed": true,
    "spriteSourceSize": { "x": 34, "y": 15, "w": 220, "h": 124 },
    "sourceSize": { "w": 289, "h": 149 },
    "duration": 100
   },
   "26": {
    "frame": { "x": 1, "y": 135, "w": 222, "h": 126 },
    "rotated": false,
    "trimmed": true,
    "spriteSourceSize": { "x": 34, "y": 15, "w": 220, "h": 124 },
    "sourceSize": { "w": 289, "h": 149 },
    "duration": 100
   },
   "27": {
    "frame": { "x": 941, "y": 128, "w": 222, "h": 126 },
    "rotated": false,
    "trimmed": true,
    "spriteSourceSize": { "x": 34, "y": 15, "w": 220, "h": 124 },
    "sourceSize": { "w": 289, "h": 149 },
    "duration": 100
   }
 },
 "meta": {
  "app": "https://www.aseprite.org/",
  "version": "1.3.2-arm64",
  "image": "Bus.png",
  "format": "RGBA8888",
  "size": { "w": 1194, "h": 509 },
  "scale": "1",
  "frameTags": [
   { "name": "move_right", "from": 0, "to": 3, "direction": "forward", "color": "#000000ff" },
   { "name": "move_left", "from": 4, "to": 7, "direction": "forward", "color": "#000000ff" },
   { "name": "open_doors", "from": 8, "to": 18, "direction": "forward", "color": "#000000ff" },
   { "name": "closing_doors", "from": 19, "to": 27, "direction": "forward", "color": "#000000ff" }
  ],
  "layers": [
   { "name": "Sprite Sheet", "opacity": 255, "blendMode": "normal" }
  ],
  "slices": [
  ]
 }
}
