{ "frames": {
   "0": {
    "frame": { "x": 295, "y": 1, "w": 130, "h": 82 },
    "rotated": false,
    "trimmed": true,
    "spriteSourceSize": { "x": 16, "y": 0, "w": 128, "h": 80 },
    "sourceSize": { "w": 144, "h": 74 },
    "duration": 100
   },
   "1": {
    "frame": { "x": 295, "y": 84, "w": 130, "h": 82 },
    "rotated": false,
    "trimmed": true,
    "spriteSourceSize": { "x": 16, "y": 0, "w": 128, "h": 80 },
    "sourceSize": { "w": 144, "h": 74 },
    "duration": 100
   },
   "2": {
    "frame": { "x": 1, "y": 1, "w": 146, "h": 82 },
    "rotated": false,
    "trimmed": true,
    "spriteSourceSize": { "x": 0, "y": 0, "w": 144, "h": 80 },
    "sourceSize": { "w": 144, "h": 74 },
    "duration": 100
   },
   "3": {
    "frame": { "x": 148, "y": 1, "w": 146, "h": 82 },
    "rotated": false,
    "trimmed": true,
    "spriteSourceSize": { "x": 0, "y": 0, "w": 144, "h": 80 },
    "sourceSize": { "w": 144, "h": 74 },
    "duration": 100
   },
   "4": {
    "frame": { "x": 1, "y": 84, "w": 146, "h": 82 },
    "rotated": false,
    "trimmed": true,
    "spriteSourceSize": { "x": 0, "y": 0, "w": 144, "h": 80 },
    "sourceSize": { "w": 144, "h": 74 },
    "duration": 100
   },
   "5": {
    "frame": { "x": 148, "y": 84, "w": 146, "h": 82 },
    "rotated": false,
    "trimmed": true,
    "spriteSourceSize": { "x": 0, "y": 0, "w": 144, "h": 80 },
    "sourceSize": { "w": 144, "h": 74 },
    "duration": 100
   }
 },
 "meta": {
  "app": "https://www.aseprite.org/",
  "version": "1.3.2-arm64",
  "image": "classic_gris.png",
  "format": "I8",
  "size": { "w": 426, "h": 167 },
  "scale": "1",
  "frameTags": [
  ],
  "layers": [
   { "name": "Sprite Sheet", "opacity": 255, "blendMode": "normal" }
  ],
  "slices": [
  ]
 }
}
