{ "frames": {
   "0": {
    "frame": { "x": 1, "y": 1, "w": 178, "h": 82 },
    "rotated": false,
    "trimmed": false,
    "spriteSourceSize": { "x": 0, "y": 0, "w": 176, "h": 80 },
    "sourceSize": { "w": 176, "h": 80 },
    "duration": 100
   },
   "1": {
    "frame": { "x": 180, "y": 1, "w": 178, "h": 82 },
    "rotated": false,
    "trimmed": false,
    "spriteSourceSize": { "x": 0, "y": 0, "w": 176, "h": 80 },
    "sourceSize": { "w": 176, "h": 80 },
    "duration": 100
   },
   "2": {
    "frame": { "x": 359, "y": 1, "w": 178, "h": 82 },
    "rotated": false,
    "trimmed": false,
    "spriteSourceSize": { "x": 0, "y": 0, "w": 176, "h": 80 },
    "sourceSize": { "w": 176, "h": 80 },
    "duration": 100
   },
   "3": {
    "frame": { "x": 1, "y": 84, "w": 178, "h": 82 },
    "rotated": false,
    "trimmed": false,
    "spriteSourceSize": { "x": 0, "y": 0, "w": 176, "h": 80 },
    "sourceSize": { "w": 176, "h": 80 },
    "duration": 100
   },
   "4": {
    "frame": { "x": 180, "y": 84, "w": 178, "h": 82 },
    "rotated": false,
    "trimmed": false,
    "spriteSourceSize": { "x": 0, "y": 0, "w": 176, "h": 80 },
    "sourceSize": { "w": 176, "h": 80 },
    "duration": 100
   },
   "5": {
    "frame": { "x": 359, "y": 84, "w": 178, "h": 82 },
    "rotated": false,
    "trimmed": false,
    "spriteSourceSize": { "x": 0, "y": 0, "w": 176, "h": 80 },
    "sourceSize": { "w": 176, "h": 80 },
    "duration": 100
   }
 },
 "meta": {
  "app": "https://www.aseprite.org/",
  "version": "1.3.2-arm64",
  "image": "CocheHuevo.png",
  "format": "RGBA8888",
  "size": { "w": 538, "h": 167 },
  "scale": "1",
  "frameTags": [
  ],
  "layers": [
   { "name": "Sprite Sheet", "opacity": 255, "blendMode": "normal" }
  ],
  "slices": [
  ]
 }
}
