{ "frames": {
   "0": {
    "frame": { "x": 1, "y": 1, "w": 34, "h": 66 },
    "rotated": false,
    "trimmed": true,
    "spriteSourceSize": { "x": 0, "y": 0, "w": 32, "h": 64 },
    "sourceSize": { "w": 32, "h": 70 },
    "duration": 500
   },
   "1": {
    "frame": { "x": 36, "y": 1, "w": 34, "h": 66 },
    "rotated": false,
    "trimmed": true,
    "spriteSourceSize": { "x": 0, "y": 0, "w": 32, "h": 64 },
    "sourceSize": { "w": 32, "h": 70 },
    "duration": 100
   },
   "2": {
    "frame": { "x": 71, "y": 1, "w": 34, "h": 66 },
    "rotated": false,
    "trimmed": true,
    "spriteSourceSize": { "x": 0, "y": 0, "w": 32, "h": 64 },
    "sourceSize": { "w": 32, "h": 70 },
    "duration": 100
   },
   "3": {
    "frame": { "x": 106, "y": 1, "w": 34, "h": 66 },
    "rotated": false,
    "trimmed": true,
    "spriteSourceSize": { "x": 0, "y": 0, "w": 32, "h": 64 },
    "sourceSize": { "w": 32, "h": 70 },
    "duration": 100
   },
   "4": {
    "frame": { "x": 141, "y": 1, "w": 34, "h": 66 },
    "rotated": false,
    "trimmed": true,
    "spriteSourceSize": { "x": 0, "y": 0, "w": 32, "h": 64 },
    "sourceSize": { "w": 32, "h": 70 },
    "duration": 100
   },
   "5": {
    "frame": { "x": 176, "y": 1, "w": 34, "h": 66 },
    "rotated": false,
    "trimmed": true,
    "spriteSourceSize": { "x": 0, "y": 0, "w": 32, "h": 64 },
    "sourceSize": { "w": 32, "h": 70 },
    "duration": 100
   },
   "6": {
    "frame": { "x": 211, "y": 1, "w": 34, "h": 66 },
    "rotated": false,
    "trimmed": true,
    "spriteSourceSize": { "x": 0, "y": 0, "w": 32, "h": 64 },
    "sourceSize": { "w": 32, "h": 70 },
    "duration": 100
   },
   "7": {
    "frame": { "x": 246, "y": 1, "w": 34, "h": 66 },
    "rotated": false,
    "trimmed": true,
    "spriteSourceSize": { "x": 0, "y": 0, "w": 32, "h": 64 },
    "sourceSize": { "w": 32, "h": 70 },
    "duration": 500
   },
   "8": {
    "frame": { "x": 281, "y": 1, "w": 34, "h": 66 },
    "rotated": false,
    "trimmed": true,
    "spriteSourceSize": { "x": 0, "y": 0, "w": 32, "h": 64 },
    "sourceSize": { "w": 32, "h": 70 },
    "duration": 100
   },
   "9": {
    "frame": { "x": 316, "y": 1, "w": 34, "h": 66 },
    "rotated": false,
    "trimmed": true,
    "spriteSourceSize": { "x": 0, "y": 0, "w": 32, "h": 64 },
    "sourceSize": { "w": 32, "h": 70 },
    "duration": 100
   },
   "10": {
    "frame": { "x": 351, "y": 1, "w": 34, "h": 66 },
    "rotated": false,
    "trimmed": true,
    "spriteSourceSize": { "x": 0, "y": 0, "w": 32, "h": 64 },
    "sourceSize": { "w": 32, "h": 70 },
    "duration": 100
   },
   "11": {
    "frame": { "x": 386, "y": 1, "w": 34, "h": 66 },
    "rotated": false,
    "trimmed": true,
    "spriteSourceSize": { "x": 0, "y": 0, "w": 32, "h": 64 },
    "sourceSize": { "w": 32, "h": 70 },
    "duration": 100
   },
   "12": {
    "frame": { "x": 421, "y": 1, "w": 34, "h": 66 },
    "rotated": false,
    "trimmed": true,
    "spriteSourceSize": { "x": 0, "y": 0, "w": 32, "h": 64 },
    "sourceSize": { "w": 32, "h": 70 },
    "duration": 100
   },
   "13": {
    "frame": { "x": 456, "y": 1, "w": 34, "h": 66 },
    "rotated": false,
    "trimmed": true,
    "spriteSourceSize": { "x": 0, "y": 0, "w": 32, "h": 64 },
    "sourceSize": { "w": 32, "h": 70 },
    "duration": 100
   }
 },
 "meta": {
  "app": "https://www.aseprite.org/",
  "version": "1.3.2-arm64",
  "image": "CondoDor.png",
  "format": "I8",
  "size": { "w": 491, "h": 68 },
  "scale": "1",
  "frameTags": [
   { "name": "open_door", "from": 1, "to": 7, "direction": "forward", "color": "#000000ff" },
   { "name": "close_door", "from": 8, "to": 13, "direction": "forward", "color": "#000000ff" }
  ],
  "layers": [
   { "name": "Layer", "opacity": 255, "blendMode": "normal" }
  ],
  "slices": [
  ]
 }
}
