{ "frames": {
   "0": {
    "frame": { "x": 1, "y": 1, "w": 50, "h": 66 },
    "rotated": false,
    "trimmed": false,
    "spriteSourceSize": { "x": 0, "y": 0, "w": 48, "h": 64 },
    "sourceSize": { "w": 48, "h": 64 },
    "duration": 500
   },
   "1": {
    "frame": { "x": 52, "y": 1, "w": 50, "h": 66 },
    "rotated": false,
    "trimmed": false,
    "spriteSourceSize": { "x": 0, "y": 0, "w": 48, "h": 64 },
    "sourceSize": { "w": 48, "h": 64 },
    "duration": 100
   },
   "2": {
    "frame": { "x": 103, "y": 1, "w": 50, "h": 66 },
    "rotated": false,
    "trimmed": false,
    "spriteSourceSize": { "x": 0, "y": 0, "w": 48, "h": 64 },
    "sourceSize": { "w": 48, "h": 64 },
    "duration": 100
   },
   "3": {
    "frame": { "x": 154, "y": 1, "w": 50, "h": 66 },
    "rotated": false,
    "trimmed": false,
    "spriteSourceSize": { "x": 0, "y": 0, "w": 48, "h": 64 },
    "sourceSize": { "w": 48, "h": 64 },
    "duration": 100
   },
   "4": {
    "frame": { "x": 205, "y": 1, "w": 50, "h": 66 },
    "rotated": false,
    "trimmed": false,
    "spriteSourceSize": { "x": 0, "y": 0, "w": 48, "h": 64 },
    "sourceSize": { "w": 48, "h": 64 },
    "duration": 100
   },
   "5": {
    "frame": { "x": 256, "y": 1, "w": 50, "h": 66 },
    "rotated": false,
    "trimmed": false,
    "spriteSourceSize": { "x": 0, "y": 0, "w": 48, "h": 64 },
    "sourceSize": { "w": 48, "h": 64 },
    "duration": 500
   },
   "6": {
    "frame": { "x": 307, "y": 1, "w": 50, "h": 66 },
    "rotated": false,
    "trimmed": false,
    "spriteSourceSize": { "x": 0, "y": 0, "w": 48, "h": 64 },
    "sourceSize": { "w": 48, "h": 64 },
    "duration": 100
   },
   "7": {
    "frame": { "x": 358, "y": 1, "w": 50, "h": 66 },
    "rotated": false,
    "trimmed": false,
    "spriteSourceSize": { "x": 0, "y": 0, "w": 48, "h": 64 },
    "sourceSize": { "w": 48, "h": 64 },
    "duration": 100
   },
   "8": {
    "frame": { "x": 409, "y": 1, "w": 50, "h": 66 },
    "rotated": false,
    "trimmed": false,
    "spriteSourceSize": { "x": 0, "y": 0, "w": 48, "h": 64 },
    "sourceSize": { "w": 48, "h": 64 },
    "duration": 100
   },
   "9": {
    "frame": { "x": 460, "y": 1, "w": 50, "h": 66 },
    "rotated": false,
    "trimmed": false,
    "spriteSourceSize": { "x": 0, "y": 0, "w": 48, "h": 64 },
    "sourceSize": { "w": 48, "h": 64 },
    "duration": 100
   }
 },
 "meta": {
  "app": "https://www.aseprite.org/",
  "version": "1.3.2-arm64",
  "image": "CondoDoorOrange.png",
  "format": "I8",
  "size": { "w": 511, "h": 68 },
  "scale": "1",
  "frameTags": [
   { "name": "open_door", "from": 1, "to": 5, "direction": "forward", "color": "#000000ff" },
   { "name": "close_door", "from": 6, "to": 9, "direction": "forward", "color": "#000000ff" }
  ],
  "layers": [
   { "name": "Layer", "opacity": 255, "blendMode": "normal" }
  ],
  "slices": [
  ]
 }
}
