{ "frames": {
   "0": {
    "frame": { "x": 1, "y": 1, "w": 42, "h": 42 },
    "rotated": false,
    "trimmed": true,
    "spriteSourceSize": { "x": 12, "y": 0, "w": 40, "h": 40 },
    "sourceSize": { "w": 96, "h": 64 },
    "duration": 100
   },
   "1": {
    "frame": { "x": 44, "y": 1, "w": 42, "h": 42 },
    "rotated": false,
    "trimmed": true,
    "spriteSourceSize": { "x": 12, "y": 0, "w": 40, "h": 40 },
    "sourceSize": { "w": 96, "h": 64 },
    "duration": 100
   },
   "2": {
    "frame": { "x": 87, "y": 1, "w": 42, "h": 34 },
    "rotated": false,
    "trimmed": true,
    "spriteSourceSize": { "x": 12, "y": 26, "w": 40, "h": 32 },
    "sourceSize": { "w": 96, "h": 64 },
    "duration": 100
   },
   "3": {
    "frame": { "x": 130, "y": 1, "w": 42, "h": 32 },
    "rotated": false,
    "trimmed": true,
    "spriteSourceSize": { "x": 12, "y": 24, "w": 40, "h": 30 },
    "sourceSize": { "w": 96, "h": 64 },
    "duration": 100
   },
   "4": {
    "frame": { "x": 173, "y": 1, "w": 42, "h": 52 },
    "rotated": false,
    "trimmed": true,
    "spriteSourceSize": { "x": 12, "y": 10, "w": 40, "h": 50 },
    "sourceSize": { "w": 96, "h": 64 },
    "duration": 100
   },
   "5": {
    "frame": { "x": 216, "y": 1, "w": 42, "h": 62 },
    "rotated": false,
    "trimmed": true,
    "spriteSourceSize": { "x": 12, "y": 2, "w": 40, "h": 60 },
    "sourceSize": { "w": 96, "h": 64 },
    "duration": 100
   },
   "6": {
    "frame": { "x": 259, "y": 1, "w": 52, "h": 38 },
    "rotated": false,
    "trimmed": true,
    "spriteSourceSize": { "x": 24, "y": 12, "w": 50, "h": 36 },
    "sourceSize": { "w": 96, "h": 64 },
    "duration": 100
   },
   "7": {
    "frame": { "x": 312, "y": 1, "w": 68, "h": 38 },
    "rotated": false,
    "trimmed": true,
    "spriteSourceSize": { "x": 16, "y": 12, "w": 66, "h": 36 },
    "sourceSize": { "w": 96, "h": 64 },
    "duration": 100
   },
   "8": {
    "frame": { "x": 381, "y": 1, "w": 44, "h": 42 },
    "rotated": false,
    "trimmed": true,
    "spriteSourceSize": { "x": 28, "y": 16, "w": 42, "h": 40 },
    "sourceSize": { "w": 96, "h": 64 },
    "duration": 100
   },
   "9": {
    "frame": { "x": 426, "y": 1, "w": 44, "h": 42 },
    "rotated": false,
    "trimmed": true,
    "spriteSourceSize": { "x": 28, "y": 14, "w": 42, "h": 40 },
    "sourceSize": { "w": 96, "h": 64 },
    "duration": 100
   },
   "10": {
    "frame": { "x": 471, "y": 1, "w": 56, "h": 38 },
    "rotated": false,
    "trimmed": true,
    "spriteSourceSize": { "x": 22, "y": 12, "w": 54, "h": 36 },
    "sourceSize": { "w": 96, "h": 64 },
    "duration": 100
   },
   "11": {
    "frame": { "x": 528, "y": 1, "w": 68, "h": 38 },
    "rotated": false,
    "trimmed": true,
    "spriteSourceSize": { "x": 16, "y": 12, "w": 66, "h": 36 },
    "sourceSize": { "w": 96, "h": 64 },
    "duration": 100
   },
   "12": {
    "frame": { "x": 597, "y": 1, "w": 42, "h": 42 },
    "rotated": false,
    "trimmed": true,
    "spriteSourceSize": { "x": 12, "y": 0, "w": 40, "h": 40 },
    "sourceSize": { "w": 96, "h": 64 },
    "duration": 100
   },
   "13": {
    "frame": { "x": 640, "y": 1, "w": 42, "h": 62 },
    "rotated": false,
    "trimmed": true,
    "spriteSourceSize": { "x": 12, "y": 2, "w": 40, "h": 60 },
    "sourceSize": { "w": 96, "h": 64 },
    "duration": 100
   },
   "14": {
    "frame": { "x": 683, "y": 1, "w": 42, "h": 34 },
    "rotated": false,
    "trimmed": true,
    "spriteSourceSize": { "x": 12, "y": 26, "w": 40, "h": 32 },
    "sourceSize": { "w": 96, "h": 64 },
    "duration": 100
   },
   "15": {
    "frame": { "x": 726, "y": 1, "w": 42, "h": 32 },
    "rotated": false,
    "trimmed": true,
    "spriteSourceSize": { "x": 12, "y": 24, "w": 40, "h": 30 },
    "sourceSize": { "w": 96, "h": 64 },
    "duration": 100
   },
   "16": {
    "frame": { "x": 769, "y": 1, "w": 42, "h": 52 },
    "rotated": false,
    "trimmed": true,
    "spriteSourceSize": { "x": 12, "y": 10, "w": 40, "h": 50 },
    "sourceSize": { "w": 96, "h": 64 },
    "duration": 100
   },
   "17": {
    "frame": { "x": 812, "y": 1, "w": 42, "h": 62 },
    "rotated": false,
    "trimmed": true,
    "spriteSourceSize": { "x": 12, "y": 2, "w": 40, "h": 60 },
    "sourceSize": { "w": 96, "h": 64 },
    "duration": 100
   },
   "18": {
    "frame": { "x": 855, "y": 1, "w": 52, "h": 42 },
    "rotated": false,
    "trimmed": true,
    "spriteSourceSize": { "x": 22, "y": 8, "w": 50, "h": 40 },
    "sourceSize": { "w": 96, "h": 64 },
    "duration": 100
   },
   "19": {
    "frame": { "x": 908, "y": 1, "w": 44, "h": 42 },
    "rotated": false,
    "trimmed": true,
    "spriteSourceSize": { "x": 26, "y": 8, "w": 42, "h": 40 },
    "sourceSize": { "w": 96, "h": 64 },
    "duration": 100
   },
   "20": {
    "frame": { "x": 953, "y": 1, "w": 44, "h": 40 },
    "rotated": false,
    "trimmed": true,
    "spriteSourceSize": { "x": 26, "y": 18, "w": 42, "h": 38 },
    "sourceSize": { "w": 96, "h": 64 },
    "duration": 100
   },
   "21": {
    "frame": { "x": 998, "y": 1, "w": 44, "h": 40 },
    "rotated": false,
    "trimmed": true,
    "spriteSourceSize": { "x": 26, "y": 16, "w": 42, "h": 38 },
    "sourceSize": { "w": 96, "h": 64 },
    "duration": 100
   },
   "22": {
    "frame": { "x": 1043, "y": 1, "w": 56, "h": 38 },
    "rotated": false,
    "trimmed": true,
    "spriteSourceSize": { "x": 20, "y": 14, "w": 54, "h": 36 },
    "sourceSize": { "w": 96, "h": 64 },
    "duration": 100
   },
   "23": {
    "frame": { "x": 1100, "y": 1, "w": 68, "h": 38 },
    "rotated": false,
    "trimmed": true,
    "spriteSourceSize": { "x": 14, "y": 12, "w": 66, "h": 36 },
    "sourceSize": { "w": 96, "h": 64 },
    "duration": 100
   },
   "24": {
    "frame": { "x": 1169, "y": 1, "w": 68, "h": 38 },
    "rotated": false,
    "trimmed": true,
    "spriteSourceSize": { "x": 16, "y": 12, "w": 66, "h": 36 },
    "sourceSize": { "w": 96, "h": 64 },
    "duration": 100
   },
   "25": {
    "frame": { "x": 1238, "y": 1, "w": 68, "h": 38 },
    "rotated": false,
    "trimmed": true,
    "spriteSourceSize": { "x": 16, "y": 12, "w": 66, "h": 36 },
    "sourceSize": { "w": 96, "h": 64 },
    "duration": 100
   },
   "26": {
    "frame": { "x": 1307, "y": 1, "w": 68, "h": 38 },
    "rotated": false,
    "trimmed": true,
    "spriteSourceSize": { "x": 16, "y": 14, "w": 66, "h": 36 },
    "sourceSize": { "w": 96, "h": 64 },
    "duration": 100
   },
   "27": {
    "frame": { "x": 1376, "y": 1, "w": 68, "h": 38 },
    "rotated": false,
    "trimmed": true,
    "spriteSourceSize": { "x": 16, "y": 14, "w": 66, "h": 36 },
    "sourceSize": { "w": 96, "h": 64 },
    "duration": 100
   },
   "28": {
    "frame": { "x": 1445, "y": 1, "w": 68, "h": 38 },
    "rotated": false,
    "trimmed": true,
    "spriteSourceSize": { "x": 16, "y": 12, "w": 66, "h": 36 },
    "sourceSize": { "w": 96, "h": 64 },
    "duration": 100
   },
   "29": {
    "frame": { "x": 1514, "y": 1, "w": 68, "h": 38 },
    "rotated": false,
    "trimmed": true,
    "spriteSourceSize": { "x": 16, "y": 12, "w": 66, "h": 36 },
    "sourceSize": { "w": 96, "h": 64 },
    "duration": 100
   },
   "30": {
    "frame": { "x": 1583, "y": 1, "w": 42, "h": 62 },
    "rotated": false,
    "trimmed": true,
    "spriteSourceSize": { "x": 12, "y": 2, "w": 40, "h": 60 },
    "sourceSize": { "w": 96, "h": 64 },
    "duration": 100
   },
   "31": {
    "frame": { "x": 1626, "y": 1, "w": 42, "h": 62 },
    "rotated": false,
    "trimmed": true,
    "spriteSourceSize": { "x": 12, "y": 2, "w": 40, "h": 60 },
    "sourceSize": { "w": 96, "h": 64 },
    "duration": 100
   },
   "32": {
    "frame": { "x": 1669, "y": 1, "w": 42, "h": 62 },
    "rotated": false,
    "trimmed": true,
    "spriteSourceSize": { "x": 12, "y": 4, "w": 40, "h": 60 },
    "sourceSize": { "w": 96, "h": 64 },
    "duration": 100
   },
   "33": {
    "frame": { "x": 1712, "y": 1, "w": 42, "h": 62 },
    "rotated": false,
    "trimmed": true,
    "spriteSourceSize": { "x": 12, "y": 4, "w": 40, "h": 60 },
    "sourceSize": { "w": 96, "h": 64 },
    "duration": 100
   },
   "34": {
    "frame": { "x": 1755, "y": 1, "w": 42, "h": 62 },
    "rotated": false,
    "trimmed": true,
    "spriteSourceSize": { "x": 12, "y": 2, "w": 40, "h": 60 },
    "sourceSize": { "w": 96, "h": 64 },
    "duration": 100
   },
   "35": {
    "frame": { "x": 1798, "y": 1, "w": 42, "h": 62 },
    "rotated": false,
    "trimmed": true,
    "spriteSourceSize": { "x": 12, "y": 2, "w": 40, "h": 60 },
    "sourceSize": { "w": 96, "h": 64 },
    "duration": 100
   },
   "36": {
    "frame": { "x": 1841, "y": 1, "w": 42, "h": 62 },
    "rotated": false,
    "trimmed": true,
    "spriteSourceSize": { "x": 12, "y": 2, "w": 40, "h": 60 },
    "sourceSize": { "w": 96, "h": 64 },
    "duration": 100
   },
   "37": {
    "frame": { "x": 1884, "y": 1, "w": 42, "h": 62 },
    "rotated": false,
    "trimmed": true,
    "spriteSourceSize": { "x": 12, "y": 2, "w": 40, "h": 60 },
    "sourceSize": { "w": 96, "h": 64 },
    "duration": 100
   },
   "38": {
    "frame": { "x": 1927, "y": 1, "w": 42, "h": 62 },
    "rotated": false,
    "trimmed": true,
    "spriteSourceSize": { "x": 12, "y": 4, "w": 40, "h": 60 },
    "sourceSize": { "w": 96, "h": 64 },
    "duration": 100
   },
   "39": {
    "frame": { "x": 1970, "y": 1, "w": 42, "h": 62 },
    "rotated": false,
    "trimmed": true,
    "spriteSourceSize": { "x": 12, "y": 4, "w": 40, "h": 60 },
    "sourceSize": { "w": 96, "h": 64 },
    "duration": 100
   },
   "40": {
    "frame": { "x": 2013, "y": 1, "w": 42, "h": 62 },
    "rotated": false,
    "trimmed": true,
    "spriteSourceSize": { "x": 12, "y": 2, "w": 40, "h": 60 },
    "sourceSize": { "w": 96, "h": 64 },
    "duration": 100
   },
   "41": {
    "frame": { "x": 2056, "y": 1, "w": 42, "h": 62 },
    "rotated": false,
    "trimmed": true,
    "spriteSourceSize": { "x": 12, "y": 2, "w": 40, "h": 60 },
    "sourceSize": { "w": 96, "h": 64 },
    "duration": 100
   },
   "42": {
    "frame": { "x": 2099, "y": 1, "w": 68, "h": 38 },
    "rotated": false,
    "trimmed": true,
    "spriteSourceSize": { "x": 14, "y": 12, "w": 66, "h": 36 },
    "sourceSize": { "w": 96, "h": 64 },
    "duration": 100
   },
   "43": {
    "frame": { "x": 2168, "y": 1, "w": 68, "h": 38 },
    "rotated": false,
    "trimmed": true,
    "spriteSourceSize": { "x": 14, "y": 12, "w": 66, "h": 36 },
    "sourceSize": { "w": 96, "h": 64 },
    "duration": 100
   },
   "44": {
    "frame": { "x": 2237, "y": 1, "w": 68, "h": 38 },
    "rotated": false,
    "trimmed": true,
    "spriteSourceSize": { "x": 14, "y": 14, "w": 66, "h": 36 },
    "sourceSize": { "w": 96, "h": 64 },
    "duration": 100
   },
   "45": {
    "frame": { "x": 2306, "y": 1, "w": 68, "h": 38 },
    "rotated": false,
    "trimmed": true,
    "spriteSourceSize": { "x": 14, "y": 14, "w": 66, "h": 36 },
    "sourceSize": { "w": 96, "h": 64 },
    "duration": 100
   },
   "46": {
    "frame": { "x": 2375, "y": 1, "w": 68, "h": 38 },
    "rotated": false,
    "trimmed": true,
    "spriteSourceSize": { "x": 14, "y": 12, "w": 66, "h": 36 },
    "sourceSize": { "w": 96, "h": 64 },
    "duration": 100
   },
   "47": {
    "frame": { "x": 2444, "y": 1, "w": 68, "h": 38 },
    "rotated": false,
    "trimmed": true,
    "spriteSourceSize": { "x": 14, "y": 12, "w": 66, "h": 36 },
    "sourceSize": { "w": 96, "h": 64 },
    "duration": 100
   },
   "48": {
    "frame": { "x": 2513, "y": 1, "w": 28, "h": 38 },
    "rotated": false,
    "trimmed": true,
    "spriteSourceSize": { "x": 4, "y": 24, "w": 26, "h": 36 },
    "sourceSize": { "w": 96, "h": 64 },
    "duration": 100
   },
   "49": {
    "frame": { "x": 2542, "y": 1, "w": 28, "h": 38 },
    "rotated": false,
    "trimmed": true,
    "spriteSourceSize": { "x": 4, "y": 24, "w": 26, "h": 36 },
    "sourceSize": { "w": 96, "h": 64 },
    "duration": 100
   },
   "50": {
    "frame": { "x": 2571, "y": 1, "w": 28, "h": 38 },
    "rotated": false,
    "trimmed": true,
    "spriteSourceSize": { "x": 4, "y": 24, "w": 26, "h": 36 },
    "sourceSize": { "w": 96, "h": 64 },
    "duration": 100
   },
   "51": {
    "frame": { "x": 2600, "y": 1, "w": 32, "h": 34 },
    "rotated": false,
    "trimmed": true,
    "spriteSourceSize": { "x": 2, "y": 26, "w": 30, "h": 32 },
    "sourceSize": { "w": 96, "h": 64 },
    "duration": 100
   },
   "52": {
    "frame": { "x": 2633, "y": 1, "w": 32, "h": 34 },
    "rotated": false,
    "trimmed": true,
    "spriteSourceSize": { "x": 2, "y": 26, "w": 30, "h": 32 },
    "sourceSize": { "w": 96, "h": 64 },
    "duration": 100
   },
   "53": {
    "frame": { "x": 2666, "y": 1, "w": 28, "h": 38 },
    "rotated": false,
    "trimmed": true,
    "spriteSourceSize": { "x": 4, "y": 24, "w": 26, "h": 36 },
    "sourceSize": { "w": 96, "h": 64 },
    "duration": 100
   },
   "54": {
    "frame": { "x": 2695, "y": 1, "w": 42, "h": 30 },
    "rotated": false,
    "trimmed": true,
    "spriteSourceSize": { "x": 14, "y": 2, "w": 40, "h": 28 },
    "sourceSize": { "w": 96, "h": 64 },
    "duration": 100
   },
   "55": {
    "frame": { "x": 2738, "y": 1, "w": 42, "h": 30 },
    "rotated": false,
    "trimmed": true,
    "spriteSourceSize": { "x": 14, "y": 2, "w": 40, "h": 28 },
    "sourceSize": { "w": 96, "h": 64 },
    "duration": 100
   },
   "56": {
    "frame": { "x": 2781, "y": 1, "w": 42, "h": 30 },
    "rotated": false,
    "trimmed": true,
    "spriteSourceSize": { "x": 14, "y": 2, "w": 40, "h": 28 },
    "sourceSize": { "w": 96, "h": 64 },
    "duration": 100
   },
   "57": {
    "frame": { "x": 2824, "y": 1, "w": 42, "h": 32 },
    "rotated": false,
    "trimmed": true,
    "spriteSourceSize": { "x": 14, "y": 0, "w": 40, "h": 30 },
    "sourceSize": { "w": 96, "h": 64 },
    "duration": 100
   },
   "58": {
    "frame": { "x": 2867, "y": 1, "w": 42, "h": 32 },
    "rotated": false,
    "trimmed": true,
    "spriteSourceSize": { "x": 14, "y": 0, "w": 40, "h": 30 },
    "sourceSize": { "w": 96, "h": 64 },
    "duration": 100
   },
   "59": {
    "frame": { "x": 2910, "y": 1, "w": 42, "h": 30 },
    "rotated": false,
    "trimmed": true,
    "spriteSourceSize": { "x": 14, "y": 2, "w": 40, "h": 28 },
    "sourceSize": { "w": 96, "h": 64 },
    "duration": 100
   },
   "60": {
    "frame": { "x": 2953, "y": 1, "w": 42, "h": 30 },
    "rotated": false,
    "trimmed": true,
    "spriteSourceSize": { "x": 10, "y": 2, "w": 40, "h": 28 },
    "sourceSize": { "w": 96, "h": 64 },
    "duration": 100
   },
   "61": {
    "frame": { "x": 2996, "y": 1, "w": 42, "h": 30 },
    "rotated": false,
    "trimmed": true,
    "spriteSourceSize": { "x": 10, "y": 2, "w": 40, "h": 28 },
    "sourceSize": { "w": 96, "h": 64 },
    "duration": 100
   },
   "62": {
    "frame": { "x": 3039, "y": 1, "w": 42, "h": 30 },
    "rotated": false,
    "trimmed": true,
    "spriteSourceSize": { "x": 10, "y": 2, "w": 40, "h": 28 },
    "sourceSize": { "w": 96, "h": 64 },
    "duration": 100
   },
   "63": {
    "frame": { "x": 3082, "y": 1, "w": 42, "h": 32 },
    "rotated": false,
    "trimmed": true,
    "spriteSourceSize": { "x": 10, "y": 0, "w": 40, "h": 30 },
    "sourceSize": { "w": 96, "h": 64 },
    "duration": 100
   },
   "64": {
    "frame": { "x": 3125, "y": 1, "w": 42, "h": 32 },
    "rotated": false,
    "trimmed": true,
    "spriteSourceSize": { "x": 10, "y": 0, "w": 40, "h": 30 },
    "sourceSize": { "w": 96, "h": 64 },
    "duration": 100
   },
   "65": {
    "frame": { "x": 3168, "y": 1, "w": 42, "h": 30 },
    "rotated": false,
    "trimmed": true,
    "spriteSourceSize": { "x": 10, "y": 2, "w": 40, "h": 28 },
    "sourceSize": { "w": 96, "h": 64 },
    "duration": 100
   },
   "66": {
    "frame": { "x": 3211, "y": 1, "w": 28, "h": 38 },
    "rotated": false,
    "trimmed": true,
    "spriteSourceSize": { "x": 4, "y": 22, "w": 26, "h": 36 },
    "sourceSize": { "w": 96, "h": 64 },
    "duration": 100
   },
   "67": {
    "frame": { "x": 3240, "y": 1, "w": 28, "h": 38 },
    "rotated": false,
    "trimmed": true,
    "spriteSourceSize": { "x": 4, "y": 22, "w": 26, "h": 36 },
    "sourceSize": { "w": 96, "h": 64 },
    "duration": 100
   },
   "68": {
    "frame": { "x": 3269, "y": 1, "w": 28, "h": 38 },
    "rotated": false,
    "trimmed": true,
    "spriteSourceSize": { "x": 4, "y": 22, "w": 26, "h": 36 },
    "sourceSize": { "w": 96, "h": 64 },
    "duration": 100
   },
   "69": {
    "frame": { "x": 3298, "y": 1, "w": 32, "h": 34 },
    "rotated": false,
    "trimmed": true,
    "spriteSourceSize": { "x": 2, "y": 24, "w": 30, "h": 32 },
    "sourceSize": { "w": 96, "h": 64 },
    "duration": 100
   },
   "70": {
    "frame": { "x": 3331, "y": 1, "w": 28, "h": 34 },
    "rotated": false,
    "trimmed": true,
    "spriteSourceSize": { "x": 4, "y": 24, "w": 26, "h": 32 },
    "sourceSize": { "w": 96, "h": 64 },
    "duration": 100
   },
   "71": {
    "frame": { "x": 3360, "y": 1, "w": 28, "h": 38 },
    "rotated": false,
    "trimmed": true,
    "spriteSourceSize": { "x": 4, "y": 22, "w": 26, "h": 36 },
    "sourceSize": { "w": 96, "h": 64 },
    "duration": 100
   }
 },
 "meta": {
  "app": "https://www.aseprite.org/",
  "version": "1.3.2-arm64",
  "image": "crow.png",
  "format": "I8",
  "size": { "w": 3389, "h": 64 },
  "scale": "1",
  "frameTags": [
   { "name": "flape_left", "from": 0, "to": 5, "direction": "forward", "color": "#000000ff" },
   { "name": "flape_down", "from": 6, "to": 11, "direction": "forward", "color": "#000000ff" },
   { "name": "flape_right", "from": 12, "to": 17, "direction": "forward", "color": "#000000ff" },
   { "name": "flape_up", "from": 18, "to": 23, "direction": "forward", "color": "#000000ff" },
   { "name": "glade_down", "from": 24, "to": 29, "direction": "forward", "color": "#000000ff" },
   { "name": "glade_left", "from": 30, "to": 35, "direction": "forward", "color": "#000000ff" },
   { "name": "glade_right", "from": 36, "to": 41, "direction": "forward", "color": "#000000ff" },
   { "name": "glade_up", "from": 42, "to": 47, "direction": "forward", "color": "#000000ff" },
   { "name": "idle_down", "from": 48, "to": 53, "direction": "forward", "color": "#000000ff" },
   { "name": "idle_left", "from": 54, "to": 59, "direction": "forward", "color": "#000000ff" },
   { "name": "idle_right", "from": 60, "to": 65, "direction": "forward", "color": "#000000ff" },
   { "name": "idle_up", "from": 66, "to": 71, "direction": "forward", "color": "#000000ff" }
  ],
  "layers": [
   { "name": "Layer", "opacity": 255, "blendMode": "normal" }
  ],
  "slices": [
  ]
 }
}
