{ "frames": {
   "0": {
    "frame": { "x": 1, "y": 1, "w": 3, "h": 3 },
    "rotated": false,
    "trimmed": true,
    "spriteSourceSize": { "x": 0, "y": 0, "w": 1, "h": 1 },
    "sourceSize": { "w": 32, "h": 32 },
    "duration": 100
   }
 },
 "meta": {
  "app": "https://www.aseprite.org/",
  "version": "1.3.2-arm64",
  "image": "empty.png",
  "format": "RGBA8888",
  "size": { "w": 5, "h": 5 },
  "scale": "1",
  "frameTags": [
  ],
  "layers": [
   { "name": "Layer 1", "opacity": 255, "blendMode": "normal" }
  ],
  "slices": [
  ]
 }
}
