{ "frames": {
   "0": {
    "frame": { "x": 1, "y": 1, "w": 66, "h": 88 },
    "rotated": false,
    "trimmed": true,
    "spriteSourceSize": { "x": 0, "y": 10, "w": 64, "h": 86 },
    "sourceSize": { "w": 64, "h": 96 },
    "duration": 100
   },
   "1": {
    "frame": { "x": 68, "y": 1, "w": 66, "h": 86 },
    "rotated": false,
    "trimmed": true,
    "spriteSourceSize": { "x": 0, "y": 12, "w": 64, "h": 84 },
    "sourceSize": { "w": 64, "h": 96 },
    "duration": 100
   },
   "2": {
    "frame": { "x": 135, "y": 1, "w": 66, "h": 86 },
    "rotated": false,
    "trimmed": true,
    "spriteSourceSize": { "x": 0, "y": 12, "w": 64, "h": 84 },
    "sourceSize": { "w": 64, "h": 96 },
    "duration": 100
   },
   "3": {
    "frame": { "x": 202, "y": 1, "w": 66, "h": 86 },
    "rotated": false,
    "trimmed": true,
    "spriteSourceSize": { "x": 0, "y": 12, "w": 64, "h": 84 },
    "sourceSize": { "w": 64, "h": 96 },
    "duration": 100
   },
   "4": {
    "frame": { "x": 269, "y": 1, "w": 66, "h": 88 },
    "rotated": false,
    "trimmed": true,
    "spriteSourceSize": { "x": 0, "y": 10, "w": 64, "h": 86 },
    "sourceSize": { "w": 64, "h": 96 },
    "duration": 100
   },
   "5": {
    "frame": { "x": 336, "y": 1, "w": 66, "h": 86 },
    "rotated": false,
    "trimmed": true,
    "spriteSourceSize": { "x": 0, "y": 12, "w": 64, "h": 84 },
    "sourceSize": { "w": 64, "h": 96 },
    "duration": 100
   },
   "6": {
    "frame": { "x": 403, "y": 1, "w": 66, "h": 86 },
    "rotated": false,
    "trimmed": true,
    "spriteSourceSize": { "x": 0, "y": 12, "w": 64, "h": 84 },
    "sourceSize": { "w": 64, "h": 96 },
    "duration": 100
   },
   "7": {
    "frame": { "x": 470, "y": 1, "w": 66, "h": 86 },
    "rotated": false,
    "trimmed": true,
    "spriteSourceSize": { "x": 0, "y": 12, "w": 64, "h": 84 },
    "sourceSize": { "w": 64, "h": 96 },
    "duration": 100
   }
 },
 "meta": {
  "app": "https://www.aseprite.org/",
  "version": "1.3.2-arm64",
  "image": "Fountain.png",
  "format": "I8",
  "size": { "w": 537, "h": 90 },
  "scale": "1",
  "frameTags": [
   { "name": "default", "from": 0, "to": 7, "direction": "forward", "color": "#000000ff" }
  ],
  "layers": [
   { "name": "Layer", "opacity": 255, "blendMode": "normal" }
  ],
  "slices": [
  ]
 }
}
