{ "frames": {
   "0": {
    "frame": { "x": 1, "y": 1, "w": 98, "h": 64 },
    "rotated": false,
    "trimmed": true,
    "spriteSourceSize": { "x": 0, "y": 0, "w": 96, "h": 62 },
    "sourceSize": { "w": 96, "h": 64 },
    "duration": 500
   },
   "1": {
    "frame": { "x": 100, "y": 1, "w": 98, "h": 64 },
    "rotated": false,
    "trimmed": true,
    "spriteSourceSize": { "x": 0, "y": 0, "w": 96, "h": 62 },
    "sourceSize": { "w": 96, "h": 64 },
    "duration": 100
   },
   "2": {
    "frame": { "x": 199, "y": 1, "w": 98, "h": 64 },
    "rotated": false,
    "trimmed": true,
    "spriteSourceSize": { "x": 0, "y": 0, "w": 96, "h": 62 },
    "sourceSize": { "w": 96, "h": 64 },
    "duration": 100
   },
   "3": {
    "frame": { "x": 298, "y": 1, "w": 98, "h": 64 },
    "rotated": false,
    "trimmed": true,
    "spriteSourceSize": { "x": 0, "y": 0, "w": 96, "h": 62 },
    "sourceSize": { "w": 96, "h": 64 },
    "duration": 100
   },
   "4": {
    "frame": { "x": 397, "y": 1, "w": 98, "h": 64 },
    "rotated": false,
    "trimmed": true,
    "spriteSourceSize": { "x": 0, "y": 0, "w": 96, "h": 62 },
    "sourceSize": { "w": 96, "h": 64 },
    "duration": 100
   },
   "5": {
    "frame": { "x": 496, "y": 1, "w": 98, "h": 64 },
    "rotated": false,
    "trimmed": true,
    "spriteSourceSize": { "x": 0, "y": 0, "w": 96, "h": 62 },
    "sourceSize": { "w": 96, "h": 64 },
    "duration": 100
   },
   "6": {
    "frame": { "x": 595, "y": 1, "w": 98, "h": 64 },
    "rotated": false,
    "trimmed": true,
    "spriteSourceSize": { "x": 0, "y": 0, "w": 96, "h": 62 },
    "sourceSize": { "w": 96, "h": 64 },
    "duration": 100
   },
   "7": {
    "frame": { "x": 694, "y": 1, "w": 98, "h": 64 },
    "rotated": false,
    "trimmed": true,
    "spriteSourceSize": { "x": 0, "y": 0, "w": 96, "h": 62 },
    "sourceSize": { "w": 96, "h": 64 },
    "duration": 100
   },
   "8": {
    "frame": { "x": 793, "y": 1, "w": 98, "h": 64 },
    "rotated": false,
    "trimmed": true,
    "spriteSourceSize": { "x": 0, "y": 0, "w": 96, "h": 62 },
    "sourceSize": { "w": 96, "h": 64 },
    "duration": 100
   },
   "9": {
    "frame": { "x": 892, "y": 1, "w": 98, "h": 64 },
    "rotated": false,
    "trimmed": true,
    "spriteSourceSize": { "x": 0, "y": 0, "w": 96, "h": 62 },
    "sourceSize": { "w": 96, "h": 64 },
    "duration": 100
   },
   "10": {
    "frame": { "x": 991, "y": 1, "w": 98, "h": 64 },
    "rotated": false,
    "trimmed": true,
    "spriteSourceSize": { "x": 0, "y": 0, "w": 96, "h": 62 },
    "sourceSize": { "w": 96, "h": 64 },
    "duration": 500
   },
   "11": {
    "frame": { "x": 1090, "y": 1, "w": 98, "h": 64 },
    "rotated": false,
    "trimmed": true,
    "spriteSourceSize": { "x": 0, "y": 0, "w": 96, "h": 62 },
    "sourceSize": { "w": 96, "h": 64 },
    "duration": 100
   },
   "12": {
    "frame": { "x": 1189, "y": 1, "w": 98, "h": 64 },
    "rotated": false,
    "trimmed": true,
    "spriteSourceSize": { "x": 0, "y": 0, "w": 96, "h": 62 },
    "sourceSize": { "w": 96, "h": 64 },
    "duration": 100
   },
   "13": {
    "frame": { "x": 1288, "y": 1, "w": 98, "h": 64 },
    "rotated": false,
    "trimmed": true,
    "spriteSourceSize": { "x": 0, "y": 0, "w": 96, "h": 62 },
    "sourceSize": { "w": 96, "h": 64 },
    "duration": 100
   },
   "14": {
    "frame": { "x": 1387, "y": 1, "w": 98, "h": 64 },
    "rotated": false,
    "trimmed": true,
    "spriteSourceSize": { "x": 0, "y": 0, "w": 96, "h": 62 },
    "sourceSize": { "w": 96, "h": 64 },
    "duration": 100
   },
   "15": {
    "frame": { "x": 1486, "y": 1, "w": 98, "h": 64 },
    "rotated": false,
    "trimmed": true,
    "spriteSourceSize": { "x": 0, "y": 0, "w": 96, "h": 62 },
    "sourceSize": { "w": 96, "h": 64 },
    "duration": 100
   },
   "16": {
    "frame": { "x": 1585, "y": 1, "w": 98, "h": 64 },
    "rotated": false,
    "trimmed": true,
    "spriteSourceSize": { "x": 0, "y": 0, "w": 96, "h": 62 },
    "sourceSize": { "w": 96, "h": 64 },
    "duration": 100
   },
   "17": {
    "frame": { "x": 1684, "y": 1, "w": 98, "h": 64 },
    "rotated": false,
    "trimmed": true,
    "spriteSourceSize": { "x": 0, "y": 0, "w": 96, "h": 62 },
    "sourceSize": { "w": 96, "h": 64 },
    "duration": 100
   },
   "18": {
    "frame": { "x": 1783, "y": 1, "w": 98, "h": 64 },
    "rotated": false,
    "trimmed": true,
    "spriteSourceSize": { "x": 0, "y": 0, "w": 96, "h": 62 },
    "sourceSize": { "w": 96, "h": 64 },
    "duration": 100
   },
   "19": {
    "frame": { "x": 1882, "y": 1, "w": 98, "h": 64 },
    "rotated": false,
    "trimmed": true,
    "spriteSourceSize": { "x": 0, "y": 0, "w": 96, "h": 62 },
    "sourceSize": { "w": 96, "h": 64 },
    "duration": 100
   }
 },
 "meta": {
  "app": "https://www.aseprite.org/",
  "version": "1.3.2-arm64",
  "image": "GasStationDoor.png",
  "format": "I8",
  "size": { "w": 1981, "h": 66 },
  "scale": "1",
  "frameTags": [
   { "name": "open_door", "from": 1, "to": 11, "direction": "forward", "color": "#000000ff" },
   { "name": "close_door", "from": 12, "to": 19, "direction": "forward", "color": "#000000ff" }
  ],
  "layers": [
   { "name": "Layer", "opacity": 255, "blendMode": "normal" }
  ],
  "slices": [
  ]
 }
}
