{ "frames": {
   "0": {
    "frame": { "x": 1, "y": 1, "w": 62, "h": 64 },
    "rotated": false,
    "trimmed": true,
    "spriteSourceSize": { "x": 2, "y": 0, "w": 60, "h": 62 },
    "sourceSize": { "w": 64, "h": 64 },
    "duration": 500
   },
   "1": {
    "frame": { "x": 64, "y": 1, "w": 62, "h": 64 },
    "rotated": false,
    "trimmed": true,
    "spriteSourceSize": { "x": 2, "y": 0, "w": 60, "h": 62 },
    "sourceSize": { "w": 64, "h": 64 },
    "duration": 100
   },
   "2": {
    "frame": { "x": 127, "y": 1, "w": 62, "h": 64 },
    "rotated": false,
    "trimmed": true,
    "spriteSourceSize": { "x": 2, "y": 0, "w": 60, "h": 62 },
    "sourceSize": { "w": 64, "h": 64 },
    "duration": 100
   },
   "3": {
    "frame": { "x": 190, "y": 1, "w": 62, "h": 64 },
    "rotated": false,
    "trimmed": true,
    "spriteSourceSize": { "x": 2, "y": 0, "w": 60, "h": 62 },
    "sourceSize": { "w": 64, "h": 64 },
    "duration": 100
   },
   "4": {
    "frame": { "x": 253, "y": 1, "w": 62, "h": 64 },
    "rotated": false,
    "trimmed": true,
    "spriteSourceSize": { "x": 2, "y": 0, "w": 60, "h": 62 },
    "sourceSize": { "w": 64, "h": 64 },
    "duration": 100
   },
   "5": {
    "frame": { "x": 316, "y": 1, "w": 62, "h": 64 },
    "rotated": false,
    "trimmed": true,
    "spriteSourceSize": { "x": 2, "y": 0, "w": 60, "h": 62 },
    "sourceSize": { "w": 64, "h": 64 },
    "duration": 100
   },
   "6": {
    "frame": { "x": 379, "y": 1, "w": 62, "h": 64 },
    "rotated": false,
    "trimmed": true,
    "spriteSourceSize": { "x": 2, "y": 0, "w": 60, "h": 62 },
    "sourceSize": { "w": 64, "h": 64 },
    "duration": 100
   },
   "7": {
    "frame": { "x": 442, "y": 1, "w": 62, "h": 64 },
    "rotated": false,
    "trimmed": true,
    "spriteSourceSize": { "x": 2, "y": 0, "w": 60, "h": 62 },
    "sourceSize": { "w": 64, "h": 64 },
    "duration": 500
   },
   "8": {
    "frame": { "x": 505, "y": 1, "w": 62, "h": 64 },
    "rotated": false,
    "trimmed": true,
    "spriteSourceSize": { "x": 2, "y": 0, "w": 60, "h": 62 },
    "sourceSize": { "w": 64, "h": 64 },
    "duration": 100
   },
   "9": {
    "frame": { "x": 568, "y": 1, "w": 62, "h": 64 },
    "rotated": false,
    "trimmed": true,
    "spriteSourceSize": { "x": 2, "y": 0, "w": 60, "h": 62 },
    "sourceSize": { "w": 64, "h": 64 },
    "duration": 100
   },
   "10": {
    "frame": { "x": 631, "y": 1, "w": 62, "h": 64 },
    "rotated": false,
    "trimmed": true,
    "spriteSourceSize": { "x": 2, "y": 0, "w": 60, "h": 62 },
    "sourceSize": { "w": 64, "h": 64 },
    "duration": 100
   },
   "11": {
    "frame": { "x": 694, "y": 1, "w": 62, "h": 64 },
    "rotated": false,
    "trimmed": true,
    "spriteSourceSize": { "x": 2, "y": 0, "w": 60, "h": 62 },
    "sourceSize": { "w": 64, "h": 64 },
    "duration": 100
   },
   "12": {
    "frame": { "x": 757, "y": 1, "w": 62, "h": 64 },
    "rotated": false,
    "trimmed": true,
    "spriteSourceSize": { "x": 2, "y": 0, "w": 60, "h": 62 },
    "sourceSize": { "w": 64, "h": 64 },
    "duration": 100
   },
   "13": {
    "frame": { "x": 820, "y": 1, "w": 62, "h": 64 },
    "rotated": false,
    "trimmed": true,
    "spriteSourceSize": { "x": 2, "y": 0, "w": 60, "h": 62 },
    "sourceSize": { "w": 64, "h": 64 },
    "duration": 100
   },
   "14": {
    "frame": { "x": 883, "y": 1, "w": 62, "h": 64 },
    "rotated": false,
    "trimmed": true,
    "spriteSourceSize": { "x": 2, "y": 0, "w": 60, "h": 62 },
    "sourceSize": { "w": 64, "h": 64 },
    "duration": 100
   }
 },
 "meta": {
  "app": "https://www.aseprite.org/",
  "version": "1.3.2-arm64",
  "image": "ModularBuildingDoor2.png",
  "format": "I8",
  "size": { "w": 946, "h": 66 },
  "scale": "1",
  "frameTags": [
   { "name": "open_door", "from": 1, "to": 7, "direction": "forward", "color": "#000000ff" },
   { "name": "close_door", "from": 8, "to": 14, "direction": "forward", "color": "#000000ff" }
  ],
  "layers": [
   { "name": "Layer", "opacity": 255, "blendMode": "normal" }
  ],
  "slices": [
  ]
 }
}
