{ "frames": {
   "0": {
    "frame": { "x": 1, "y": 1, "w": 68, "h": 66 },
    "rotated": false,
    "trimmed": true,
    "spriteSourceSize": { "x": 18, "y": 0, "w": 66, "h": 64 },
    "sourceSize": { "w": 96, "h": 64 },
    "duration": 500
   },
   "1": {
    "frame": { "x": 70, "y": 1, "w": 68, "h": 66 },
    "rotated": false,
    "trimmed": true,
    "spriteSourceSize": { "x": 18, "y": 0, "w": 66, "h": 64 },
    "sourceSize": { "w": 96, "h": 64 },
    "duration": 100
   },
   "2": {
    "frame": { "x": 139, "y": 1, "w": 68, "h": 66 },
    "rotated": false,
    "trimmed": true,
    "spriteSourceSize": { "x": 18, "y": 0, "w": 66, "h": 64 },
    "sourceSize": { "w": 96, "h": 64 },
    "duration": 100
   },
   "3": {
    "frame": { "x": 208, "y": 1, "w": 68, "h": 66 },
    "rotated": false,
    "trimmed": true,
    "spriteSourceSize": { "x": 18, "y": 0, "w": 66, "h": 64 },
    "sourceSize": { "w": 96, "h": 64 },
    "duration": 100
   },
   "4": {
    "frame": { "x": 277, "y": 1, "w": 68, "h": 66 },
    "rotated": false,
    "trimmed": true,
    "spriteSourceSize": { "x": 18, "y": 0, "w": 66, "h": 64 },
    "sourceSize": { "w": 96, "h": 64 },
    "duration": 100
   },
   "5": {
    "frame": { "x": 346, "y": 1, "w": 68, "h": 66 },
    "rotated": false,
    "trimmed": true,
    "spriteSourceSize": { "x": 18, "y": 0, "w": 66, "h": 64 },
    "sourceSize": { "w": 96, "h": 64 },
    "duration": 100
   },
   "6": {
    "frame": { "x": 415, "y": 1, "w": 68, "h": 66 },
    "rotated": false,
    "trimmed": true,
    "spriteSourceSize": { "x": 18, "y": 0, "w": 66, "h": 64 },
    "sourceSize": { "w": 96, "h": 64 },
    "duration": 100
   },
   "7": {
    "frame": { "x": 484, "y": 1, "w": 68, "h": 66 },
    "rotated": false,
    "trimmed": true,
    "spriteSourceSize": { "x": 18, "y": 0, "w": 66, "h": 64 },
    "sourceSize": { "w": 96, "h": 64 },
    "duration": 500
   },
   "8": {
    "frame": { "x": 553, "y": 1, "w": 68, "h": 66 },
    "rotated": false,
    "trimmed": true,
    "spriteSourceSize": { "x": 18, "y": 0, "w": 66, "h": 64 },
    "sourceSize": { "w": 96, "h": 64 },
    "duration": 100
   },
   "9": {
    "frame": { "x": 622, "y": 1, "w": 68, "h": 66 },
    "rotated": false,
    "trimmed": true,
    "spriteSourceSize": { "x": 18, "y": 0, "w": 66, "h": 64 },
    "sourceSize": { "w": 96, "h": 64 },
    "duration": 100
   },
   "10": {
    "frame": { "x": 691, "y": 1, "w": 68, "h": 66 },
    "rotated": false,
    "trimmed": true,
    "spriteSourceSize": { "x": 18, "y": 0, "w": 66, "h": 64 },
    "sourceSize": { "w": 96, "h": 64 },
    "duration": 100
   },
   "11": {
    "frame": { "x": 760, "y": 1, "w": 68, "h": 66 },
    "rotated": false,
    "trimmed": true,
    "spriteSourceSize": { "x": 18, "y": 0, "w": 66, "h": 64 },
    "sourceSize": { "w": 96, "h": 64 },
    "duration": 100
   },
   "12": {
    "frame": { "x": 829, "y": 1, "w": 68, "h": 66 },
    "rotated": false,
    "trimmed": true,
    "spriteSourceSize": { "x": 18, "y": 0, "w": 66, "h": 64 },
    "sourceSize": { "w": 96, "h": 64 },
    "duration": 100
   },
   "13": {
    "frame": { "x": 898, "y": 1, "w": 68, "h": 66 },
    "rotated": false,
    "trimmed": true,
    "spriteSourceSize": { "x": 18, "y": 0, "w": 66, "h": 64 },
    "sourceSize": { "w": 96, "h": 64 },
    "duration": 100
   },
   "14": {
    "frame": { "x": 967, "y": 1, "w": 68, "h": 66 },
    "rotated": false,
    "trimmed": true,
    "spriteSourceSize": { "x": 18, "y": 0, "w": 66, "h": 64 },
    "sourceSize": { "w": 96, "h": 64 },
    "duration": 100
   }
 },
 "meta": {
  "app": "https://www.aseprite.org/",
  "version": "1.3.2-arm64",
  "image": "PoliceStationDoor1.png",
  "format": "I8",
  "size": { "w": 1036, "h": 68 },
  "scale": "1",
  "frameTags": [
   { "name": "open_door", "from": 1, "to": 7, "direction": "forward", "color": "#000000ff" },
   { "name": "close_door", "from": 8, "to": 14, "direction": "forward", "color": "#000000ff" }
  ],
  "layers": [
   { "name": "Layer", "opacity": 255, "blendMode": "normal" }
  ],
  "slices": [
  ]
 }
}
