{ "frames": {
   "0": {
    "frame": { "x": 1, "y": 1, "w": 38, "h": 60 },
    "rotated": false,
    "trimmed": true,
    "spriteSourceSize": { "x": 22, "y": 24, "w": 36, "h": 58 },
    "sourceSize": { "w": 64, "h": 96 },
    "duration": 500
   },
   "1": {
    "frame": { "x": 40, "y": 1, "w": 38, "h": 60 },
    "rotated": false,
    "trimmed": true,
    "spriteSourceSize": { "x": 22, "y": 24, "w": 36, "h": 58 },
    "sourceSize": { "w": 64, "h": 96 },
    "duration": 100
   },
   "2": {
    "frame": { "x": 79, "y": 1, "w": 38, "h": 60 },
    "rotated": false,
    "trimmed": true,
    "spriteSourceSize": { "x": 22, "y": 24, "w": 36, "h": 58 },
    "sourceSize": { "w": 64, "h": 96 },
    "duration": 100
   },
   "3": {
    "frame": { "x": 118, "y": 1, "w": 38, "h": 60 },
    "rotated": false,
    "trimmed": true,
    "spriteSourceSize": { "x": 22, "y": 24, "w": 36, "h": 58 },
    "sourceSize": { "w": 64, "h": 96 },
    "duration": 100
   },
   "4": {
    "frame": { "x": 157, "y": 1, "w": 38, "h": 60 },
    "rotated": false,
    "trimmed": true,
    "spriteSourceSize": { "x": 22, "y": 24, "w": 36, "h": 58 },
    "sourceSize": { "w": 64, "h": 96 },
    "duration": 100
   },
   "5": {
    "frame": { "x": 196, "y": 1, "w": 38, "h": 60 },
    "rotated": false,
    "trimmed": true,
    "spriteSourceSize": { "x": 22, "y": 24, "w": 36, "h": 58 },
    "sourceSize": { "w": 64, "h": 96 },
    "duration": 100
   },
   "6": {
    "frame": { "x": 235, "y": 1, "w": 38, "h": 60 },
    "rotated": false,
    "trimmed": true,
    "spriteSourceSize": { "x": 22, "y": 24, "w": 36, "h": 58 },
    "sourceSize": { "w": 64, "h": 96 },
    "duration": 100
   },
   "7": {
    "frame": { "x": 274, "y": 1, "w": 38, "h": 60 },
    "rotated": false,
    "trimmed": true,
    "spriteSourceSize": { "x": 22, "y": 24, "w": 36, "h": 58 },
    "sourceSize": { "w": 64, "h": 96 },
    "duration": 500
   },
   "8": {
    "frame": { "x": 313, "y": 1, "w": 38, "h": 60 },
    "rotated": false,
    "trimmed": true,
    "spriteSourceSize": { "x": 22, "y": 24, "w": 36, "h": 58 },
    "sourceSize": { "w": 64, "h": 96 },
    "duration": 100
   },
   "9": {
    "frame": { "x": 352, "y": 1, "w": 38, "h": 60 },
    "rotated": false,
    "trimmed": true,
    "spriteSourceSize": { "x": 22, "y": 24, "w": 36, "h": 58 },
    "sourceSize": { "w": 64, "h": 96 },
    "duration": 100
   },
   "10": {
    "frame": { "x": 391, "y": 1, "w": 38, "h": 60 },
    "rotated": false,
    "trimmed": true,
    "spriteSourceSize": { "x": 22, "y": 24, "w": 36, "h": 58 },
    "sourceSize": { "w": 64, "h": 96 },
    "duration": 100
   },
   "11": {
    "frame": { "x": 430, "y": 1, "w": 38, "h": 60 },
    "rotated": false,
    "trimmed": true,
    "spriteSourceSize": { "x": 22, "y": 24, "w": 36, "h": 58 },
    "sourceSize": { "w": 64, "h": 96 },
    "duration": 100
   },
   "12": {
    "frame": { "x": 469, "y": 1, "w": 38, "h": 60 },
    "rotated": false,
    "trimmed": true,
    "spriteSourceSize": { "x": 22, "y": 24, "w": 36, "h": 58 },
    "sourceSize": { "w": 64, "h": 96 },
    "duration": 100
   },
   "13": {
    "frame": { "x": 508, "y": 1, "w": 38, "h": 60 },
    "rotated": false,
    "trimmed": true,
    "spriteSourceSize": { "x": 22, "y": 24, "w": 36, "h": 58 },
    "sourceSize": { "w": 64, "h": 96 },
    "duration": 100
   },
   "14": {
    "frame": { "x": 547, "y": 1, "w": 38, "h": 60 },
    "rotated": false,
    "trimmed": true,
    "spriteSourceSize": { "x": 22, "y": 24, "w": 36, "h": 58 },
    "sourceSize": { "w": 64, "h": 96 },
    "duration": 100
   }
 },
 "meta": {
  "app": "https://www.aseprite.org/",
  "version": "1.3.2-arm64",
  "image": "PoliceStationDoor3.png",
  "format": "I8",
  "size": { "w": 586, "h": 62 },
  "scale": "1",
  "frameTags": [
   { "name": "open_door", "from": 1, "to": 7, "direction": "forward", "color": "#000000ff" },
   { "name": "close_door", "from": 8, "to": 14, "direction": "forward", "color": "#000000ff" }
  ],
  "layers": [
   { "name": "Layer", "opacity": 255, "blendMode": "normal" }
  ],
  "slices": [
  ]
 }
}
