{ "frames": {
   "0": {
    "frame": { "x": 1, "y": 1, "w": 34, "h": 58 },
    "rotated": false,
    "trimmed": true,
    "spriteSourceSize": { "x": 16, "y": 4, "w": 32, "h": 56 },
    "sourceSize": { "w": 64, "h": 64 },
    "duration": 100
   },
   "1": {
    "frame": { "x": 36, "y": 1, "w": 34, "h": 55 },
    "rotated": false,
    "trimmed": true,
    "spriteSourceSize": { "x": 16, "y": 8, "w": 32, "h": 53 },
    "sourceSize": { "w": 64, "h": 64 },
    "duration": 100
   },
   "2": {
    "frame": { "x": 71, "y": 1, "w": 34, "h": 54 },
    "rotated": false,
    "trimmed": true,
    "spriteSourceSize": { "x": 16, "y": 9, "w": 32, "h": 52 },
    "sourceSize": { "w": 64, "h": 64 },
    "duration": 100
   },
   "3": {
    "frame": { "x": 106, "y": 1, "w": 34, "h": 55 },
    "rotated": false,
    "trimmed": true,
    "spriteSourceSize": { "x": 16, "y": 8, "w": 32, "h": 53 },
    "sourceSize": { "w": 64, "h": 64 },
    "duration": 100
   },
   "4": {
    "frame": { "x": 141, "y": 1, "w": 34, "h": 54 },
    "rotated": false,
    "trimmed": true,
    "spriteSourceSize": { "x": 16, "y": 9, "w": 32, "h": 52 },
    "sourceSize": { "w": 64, "h": 64 },
    "duration": 100
   },
   "5": {
    "frame": { "x": 176, "y": 1, "w": 33, "h": 58 },
    "rotated": false,
    "trimmed": true,
    "spriteSourceSize": { "x": 16, "y": 4, "w": 31, "h": 56 },
    "sourceSize": { "w": 64, "h": 64 },
    "duration": 100
   },
   "6": {
    "frame": { "x": 210, "y": 1, "w": 52, "h": 55 },
    "rotated": false,
    "trimmed": true,
    "spriteSourceSize": { "x": 5, "y": 5, "w": 50, "h": 53 },
    "sourceSize": { "w": 64, "h": 64 },
    "duration": 100
   },
   "7": {
    "frame": { "x": 263, "y": 1, "w": 43, "h": 56 },
    "rotated": false,
    "trimmed": true,
    "spriteSourceSize": { "x": 11, "y": 5, "w": 41, "h": 54 },
    "sourceSize": { "w": 64, "h": 64 },
    "duration": 100
   },
   "8": {
    "frame": { "x": 307, "y": 1, "w": 47, "h": 52 },
    "rotated": false,
    "trimmed": true,
    "spriteSourceSize": { "x": 8, "y": 8, "w": 45, "h": 50 },
    "sourceSize": { "w": 64, "h": 64 },
    "duration": 100
   },
   "9": {
    "frame": { "x": 355, "y": 1, "w": 47, "h": 52 },
    "rotated": false,
    "trimmed": true,
    "spriteSourceSize": { "x": 11, "y": 8, "w": 45, "h": 50 },
    "sourceSize": { "w": 64, "h": 64 },
    "duration": 100
   },
   "10": {
    "frame": { "x": 403, "y": 1, "w": 42, "h": 50 },
    "rotated": false,
    "trimmed": true,
    "spriteSourceSize": { "x": 13, "y": 10, "w": 40, "h": 48 },
    "sourceSize": { "w": 64, "h": 64 },
    "duration": 100
   },
   "11": {
    "frame": { "x": 446, "y": 1, "w": 43, "h": 56 },
    "rotated": false,
    "trimmed": true,
    "spriteSourceSize": { "x": 12, "y": 5, "w": 41, "h": 54 },
    "sourceSize": { "w": 64, "h": 64 },
    "duration": 100
   },
   "12": {
    "frame": { "x": 490, "y": 1, "w": 52, "h": 55 },
    "rotated": false,
    "trimmed": true,
    "spriteSourceSize": { "x": 9, "y": 5, "w": 50, "h": 53 },
    "sourceSize": { "w": 64, "h": 64 },
    "duration": 100
   },
   "13": {
    "frame": { "x": 543, "y": 1, "w": 47, "h": 52 },
    "rotated": false,
    "trimmed": true,
    "spriteSourceSize": { "x": 11, "y": 8, "w": 45, "h": 50 },
    "sourceSize": { "w": 64, "h": 64 },
    "duration": 100
   },
   "14": {
    "frame": { "x": 591, "y": 1, "w": 47, "h": 52 },
    "rotated": false,
    "trimmed": true,
    "spriteSourceSize": { "x": 8, "y": 8, "w": 45, "h": 50 },
    "sourceSize": { "w": 64, "h": 64 },
    "duration": 100
   },
   "15": {
    "frame": { "x": 639, "y": 1, "w": 42, "h": 50 },
    "rotated": false,
    "trimmed": true,
    "spriteSourceSize": { "x": 11, "y": 10, "w": 40, "h": 48 },
    "sourceSize": { "w": 64, "h": 64 },
    "duration": 100
   }
 },
 "meta": {
  "app": "https://www.aseprite.org/",
  "version": "1.3.2-x64",
  "image": "rabbit.png",
  "format": "RGBA8888",
  "size": { "w": 682, "h": 60 },
  "scale": "1",
  "frameTags": [
   { "name": "eating", "from": 1, "to": 4, "direction": "forward", "color": "#000000ff" },
   { "name": "run_right", "from": 6, "to": 10, "direction": "forward", "color": "#000000ff" },
   { "name": "run_left", "from": 11, "to": 15, "direction": "forward", "color": "#000000ff" }
  ],
  "layers": [
   { "name": "Layer", "opacity": 255, "blendMode": "normal" },
   { "name": "PixelLab - Generation", "opacity": 255, "blendMode": "normal" }
  ],
  "slices": [
  ]
 }
}
