{ "frames": {
   "0": {
    "frame": { "x": 1, "y": 1, "w": 66, "h": 66 },
    "rotated": false,
    "trimmed": false,
    "spriteSourceSize": { "x": 0, "y": 0, "w": 64, "h": 64 },
    "sourceSize": { "w": 64, "h": 64 },
    "duration": 100
   },
   "1": {
    "frame": { "x": 68, "y": 1, "w": 65, "h": 64 },
    "rotated": false,
    "trimmed": true,
    "spriteSourceSize": { "x": 0, "y": 1, "w": 63, "h": 62 },
    "sourceSize": { "w": 64, "h": 64 },
    "duration": 100
   },
   "2": {
    "frame": { "x": 134, "y": 1, "w": 65, "h": 65 },
    "rotated": false,
    "trimmed": true,
    "spriteSourceSize": { "x": 0, "y": 0, "w": 63, "h": 63 },
    "sourceSize": { "w": 64, "h": 64 },
    "duration": 100
   },
   "3": {
    "frame": { "x": 200, "y": 1, "w": 65, "h": 64 },
    "rotated": false,
    "trimmed": true,
    "spriteSourceSize": { "x": 0, "y": 1, "w": 63, "h": 62 },
    "sourceSize": { "w": 64, "h": 64 },
    "duration": 100
   },
   "4": {
    "frame": { "x": 266, "y": 1, "w": 65, "h": 65 },
    "rotated": false,
    "trimmed": true,
    "spriteSourceSize": { "x": 0, "y": 0, "w": 63, "h": 63 },
    "sourceSize": { "w": 64, "h": 64 },
    "duration": 100
   },
   "5": {
    "frame": { "x": 332, "y": 1, "w": 64, "h": 65 },
    "rotated": false,
    "trimmed": true,
    "spriteSourceSize": { "x": 0, "y": 1, "w": 62, "h": 63 },
    "sourceSize": { "w": 64, "h": 64 },
    "duration": 100
   },
   "6": {
    "frame": { "x": 397, "y": 1, "w": 64, "h": 64 },
    "rotated": false,
    "trimmed": true,
    "spriteSourceSize": { "x": 0, "y": 0, "w": 62, "h": 62 },
    "sourceSize": { "w": 64, "h": 64 },
    "duration": 100
   },
   "7": {
    "frame": { "x": 462, "y": 1, "w": 64, "h": 65 },
    "rotated": false,
    "trimmed": true,
    "spriteSourceSize": { "x": 0, "y": 1, "w": 62, "h": 63 },
    "sourceSize": { "w": 64, "h": 64 },
    "duration": 100
   },
   "8": {
    "frame": { "x": 527, "y": 1, "w": 66, "h": 66 },
    "rotated": false,
    "trimmed": false,
    "spriteSourceSize": { "x": 0, "y": 0, "w": 64, "h": 64 },
    "sourceSize": { "w": 64, "h": 64 },
    "duration": 100
   },
   "9": {
    "frame": { "x": 594, "y": 1, "w": 65, "h": 64 },
    "rotated": false,
    "trimmed": true,
    "spriteSourceSize": { "x": 1, "y": 1, "w": 63, "h": 62 },
    "sourceSize": { "w": 64, "h": 64 },
    "duration": 100
   },
   "10": {
    "frame": { "x": 660, "y": 1, "w": 65, "h": 65 },
    "rotated": false,
    "trimmed": true,
    "spriteSourceSize": { "x": 1, "y": 0, "w": 63, "h": 63 },
    "sourceSize": { "w": 64, "h": 64 },
    "duration": 100
   },
   "11": {
    "frame": { "x": 726, "y": 1, "w": 65, "h": 64 },
    "rotated": false,
    "trimmed": true,
    "spriteSourceSize": { "x": 1, "y": 1, "w": 63, "h": 62 },
    "sourceSize": { "w": 64, "h": 64 },
    "duration": 100
   },
   "12": {
    "frame": { "x": 792, "y": 1, "w": 65, "h": 65 },
    "rotated": false,
    "trimmed": true,
    "spriteSourceSize": { "x": 1, "y": 0, "w": 63, "h": 63 },
    "sourceSize": { "w": 64, "h": 64 },
    "duration": 100
   },
   "13": {
    "frame": { "x": 858, "y": 1, "w": 64, "h": 65 },
    "rotated": false,
    "trimmed": true,
    "spriteSourceSize": { "x": 2, "y": 1, "w": 62, "h": 63 },
    "sourceSize": { "w": 64, "h": 64 },
    "duration": 100
   },
   "14": {
    "frame": { "x": 923, "y": 1, "w": 64, "h": 64 },
    "rotated": false,
    "trimmed": true,
    "spriteSourceSize": { "x": 2, "y": 0, "w": 62, "h": 62 },
    "sourceSize": { "w": 64, "h": 64 },
    "duration": 100
   },
   "15": {
    "frame": { "x": 988, "y": 1, "w": 64, "h": 65 },
    "rotated": false,
    "trimmed": true,
    "spriteSourceSize": { "x": 2, "y": 1, "w": 62, "h": 63 },
    "sourceSize": { "w": 64, "h": 64 },
    "duration": 100
   }
 },
 "meta": {
  "app": "https://www.aseprite.org/",
  "version": "1.3.2-arm64",
  "image": "rabbitIntro.png",
  "format": "RGBA8888",
  "size": { "w": 1053, "h": 68 },
  "scale": "1",
  "frameTags": [
   { "name": "move_right", "from": 0, "to": 3, "direction": "forward", "color": "#000000ff" },
   { "name": "stop_right", "from": 4, "to": 7, "direction": "forward", "color": "#000000ff" },
   { "name": "move_left", "from": 8, "to": 11, "direction": "forward", "color": "#000000ff" },
   { "name": "stop_left", "from": 12, "to": 15, "direction": "forward", "color": "#000000ff" }
  ],
  "layers": [
   { "name": "Flattened", "opacity": 255, "blendMode": "normal" }
  ],
  "slices": [
  ]
 }
}
