{ "frames": {
   "0": {
    "frame": { "x": 1, "y": 1, "w": 66, "h": 84 },
    "rotated": false,
    "trimmed": true,
    "spriteSourceSize": { "x": 0, "y": 0, "w": 64, "h": 82 },
    "sourceSize": { "w": 64, "h": 96 },
    "duration": 500
   },
   "1": {
    "frame": { "x": 68, "y": 1, "w": 66, "h": 84 },
    "rotated": false,
    "trimmed": true,
    "spriteSourceSize": { "x": 0, "y": 0, "w": 64, "h": 82 },
    "sourceSize": { "w": 64, "h": 96 },
    "duration": 100
   },
   "2": {
    "frame": { "x": 135, "y": 1, "w": 66, "h": 84 },
    "rotated": false,
    "trimmed": true,
    "spriteSourceSize": { "x": 0, "y": 0, "w": 64, "h": 82 },
    "sourceSize": { "w": 64, "h": 96 },
    "duration": 100
   },
   "3": {
    "frame": { "x": 202, "y": 1, "w": 66, "h": 84 },
    "rotated": false,
    "trimmed": true,
    "spriteSourceSize": { "x": 0, "y": 0, "w": 64, "h": 82 },
    "sourceSize": { "w": 64, "h": 96 },
    "duration": 100
   },
   "4": {
    "frame": { "x": 269, "y": 1, "w": 66, "h": 84 },
    "rotated": false,
    "trimmed": true,
    "spriteSourceSize": { "x": 0, "y": 0, "w": 64, "h": 82 },
    "sourceSize": { "w": 64, "h": 96 },
    "duration": 100
   },
   "5": {
    "frame": { "x": 336, "y": 1, "w": 66, "h": 84 },
    "rotated": false,
    "trimmed": true,
    "spriteSourceSize": { "x": 0, "y": 0, "w": 64, "h": 82 },
    "sourceSize": { "w": 64, "h": 96 },
    "duration": 100
   },
   "6": {
    "frame": { "x": 403, "y": 1, "w": 66, "h": 84 },
    "rotated": false,
    "trimmed": true,
    "spriteSourceSize": { "x": 0, "y": 0, "w": 64, "h": 82 },
    "sourceSize": { "w": 64, "h": 96 },
    "duration": 100
   },
   "7": {
    "frame": { "x": 470, "y": 1, "w": 66, "h": 84 },
    "rotated": false,
    "trimmed": true,
    "spriteSourceSize": { "x": 0, "y": 0, "w": 64, "h": 82 },
    "sourceSize": { "w": 64, "h": 96 },
    "duration": 500
   },
   "8": {
    "frame": { "x": 537, "y": 1, "w": 66, "h": 84 },
    "rotated": false,
    "trimmed": true,
    "spriteSourceSize": { "x": 0, "y": 0, "w": 64, "h": 82 },
    "sourceSize": { "w": 64, "h": 96 },
    "duration": 100
   },
   "9": {
    "frame": { "x": 604, "y": 1, "w": 66, "h": 84 },
    "rotated": false,
    "trimmed": true,
    "spriteSourceSize": { "x": 0, "y": 0, "w": 64, "h": 82 },
    "sourceSize": { "w": 64, "h": 96 },
    "duration": 100
   },
   "10": {
    "frame": { "x": 671, "y": 1, "w": 66, "h": 84 },
    "rotated": false,
    "trimmed": true,
    "spriteSourceSize": { "x": 0, "y": 0, "w": 64, "h": 82 },
    "sourceSize": { "w": 64, "h": 96 },
    "duration": 100
   },
   "11": {
    "frame": { "x": 738, "y": 1, "w": 66, "h": 84 },
    "rotated": false,
    "trimmed": true,
    "spriteSourceSize": { "x": 0, "y": 0, "w": 64, "h": 82 },
    "sourceSize": { "w": 64, "h": 96 },
    "duration": 100
   },
   "12": {
    "frame": { "x": 805, "y": 1, "w": 66, "h": 84 },
    "rotated": false,
    "trimmed": true,
    "spriteSourceSize": { "x": 0, "y": 0, "w": 64, "h": 82 },
    "sourceSize": { "w": 64, "h": 96 },
    "duration": 100
   },
   "13": {
    "frame": { "x": 872, "y": 1, "w": 66, "h": 84 },
    "rotated": false,
    "trimmed": true,
    "spriteSourceSize": { "x": 0, "y": 0, "w": 64, "h": 82 },
    "sourceSize": { "w": 64, "h": 96 },
    "duration": 100
   }
 },
 "meta": {
  "app": "https://www.aseprite.org/",
  "version": "1.3.2-arm64",
  "image": "ShoppingCenterDoor.png",
  "format": "I8",
  "size": { "w": 939, "h": 86 },
  "scale": "1",
  "frameTags": [
   { "name": "open_door", "from": 1, "to": 7, "direction": "forward", "color": "#000000ff" },
   { "name": "close_door", "from": 8, "to": 13, "direction": "forward", "color": "#000000ff" }
  ],
  "layers": [
   { "name": "Layer", "opacity": 255, "blendMode": "normal" }
  ],
  "slices": [
  ]
 }
}
