{ "frames": {
   "0": {
    "frame": { "x": 1, "y": 1, "w": 162, "h": 194 },
    "rotated": false,
    "trimmed": false,
    "spriteSourceSize": { "x": 0, "y": 0, "w": 160, "h": 192 },
    "sourceSize": { "w": 160, "h": 192 },
    "duration": 100
   },
   "1": {
    "frame": { "x": 164, "y": 1, "w": 162, "h": 194 },
    "rotated": false,
    "trimmed": false,
    "spriteSourceSize": { "x": 0, "y": 0, "w": 160, "h": 192 },
    "sourceSize": { "w": 160, "h": 192 },
    "duration": 100
   },
   "2": {
    "frame": { "x": 327, "y": 1, "w": 162, "h": 194 },
    "rotated": false,
    "trimmed": false,
    "spriteSourceSize": { "x": 0, "y": 0, "w": 160, "h": 192 },
    "sourceSize": { "w": 160, "h": 192 },
    "duration": 100
   },
   "3": {
    "frame": { "x": 1, "y": 196, "w": 162, "h": 194 },
    "rotated": false,
    "trimmed": false,
    "spriteSourceSize": { "x": 0, "y": 0, "w": 160, "h": 192 },
    "sourceSize": { "w": 160, "h": 192 },
    "duration": 100
   },
   "4": {
    "frame": { "x": 164, "y": 196, "w": 162, "h": 194 },
    "rotated": false,
    "trimmed": false,
    "spriteSourceSize": { "x": 0, "y": 0, "w": 160, "h": 192 },
    "sourceSize": { "w": 160, "h": 192 },
    "duration": 100
   },
   "5": {
    "frame": { "x": 327, "y": 196, "w": 162, "h": 194 },
    "rotated": false,
    "trimmed": false,
    "spriteSourceSize": { "x": 0, "y": 0, "w": 160, "h": 192 },
    "sourceSize": { "w": 160, "h": 192 },
    "duration": 100
   },
   "6": {
    "frame": { "x": 1, "y": 391, "w": 162, "h": 194 },
    "rotated": false,
    "trimmed": false,
    "spriteSourceSize": { "x": 0, "y": 0, "w": 160, "h": 192 },
    "sourceSize": { "w": 160, "h": 192 },
    "duration": 100
   }
 },
 "meta": {
  "app": "https://www.aseprite.org/",
  "version": "1.3.2-arm64",
  "image": "sign.png",
  "format": "RGBA8888",
  "size": { "w": 490, "h": 586 },
  "scale": "1",
  "frameTags": [
  ],
  "layers": [
   { "name": "Layer", "opacity": 255, "blendMode": "normal" }
  ],
  "slices": [
  ]
 }
}
