{ "frames": {
   "0": {
    "frame": { "x": 1, "y": 1, "w": 6, "h": 6 },
    "rotated": false,
    "trimmed": true,
    "spriteSourceSize": { "x": 21, "y": 63, "w": 6, "h": 6 },
    "sourceSize": { "w": 48, "h": 81 },
    "duration": 500
   },
   "1": {
    "frame": { "x": 8, "y": 1, "w": 15, "h": 21 },
    "rotated": false,
    "trimmed": true,
    "spriteSourceSize": { "x": 18, "y": 51, "w": 15, "h": 21 },
    "sourceSize": { "w": 48, "h": 81 },
    "duration": 100
   },
   "2": {
    "frame": { "x": 24, "y": 1, "w": 42, "h": 51 },
    "rotated": false,
    "trimmed": true,
    "spriteSourceSize": { "x": 3, "y": 21, "w": 42, "h": 51 },
    "sourceSize": { "w": 48, "h": 81 },
    "duration": 100
   },
   "3": {
    "frame": { "x": 67, "y": 1, "w": 42, "h": 60 },
    "rotated": false,
    "trimmed": true,
    "spriteSourceSize": { "x": 3, "y": 12, "w": 42, "h": 60 },
    "sourceSize": { "w": 48, "h": 81 },
    "duration": 100
   },
   "4": {
    "frame": { "x": 110, "y": 1, "w": 42, "h": 69 },
    "rotated": false,
    "trimmed": true,
    "spriteSourceSize": { "x": 3, "y": 3, "w": 42, "h": 69 },
    "sourceSize": { "w": 48, "h": 81 },
    "duration": 100
   },
   "5": {
    "frame": { "x": 153, "y": 1, "w": 42, "h": 69 },
    "rotated": false,
    "trimmed": true,
    "spriteSourceSize": { "x": 3, "y": 3, "w": 42, "h": 69 },
    "sourceSize": { "w": 48, "h": 81 },
    "duration": 500
   }
 },
 "meta": {
  "app": "https://www.aseprite.org/",
  "version": "1.3.2-x64",
  "image": "SleepBubble.png",
  "format": "RGBA8888",
  "size": { "w": 196, "h": 71 },
  "scale": "1",
  "frameTags": [
   { "name": "start", "from": 0, "to": 5, "direction": "forward", "color": "#000000ff" }
  ],
  "layers": [
   { "name": "Sprite Sheet", "opacity": 255, "blendMode": "normal" }
  ],
  "slices": [
  ]
 }
}
