{ "frames": {
   "0": {
    "frame": { "x": 1, "y": 1, "w": 194, "h": 162 },
    "rotated": false,
    "trimmed": false,
    "spriteSourceSize": { "x": 0, "y": 0, "w": 192, "h": 160 },
    "sourceSize": { "w": 192, "h": 160 },
    "duration": 100
   },
   "1": {
    "frame": { "x": 196, "y": 1, "w": 162, "h": 146 },
    "rotated": false,
    "trimmed": true,
    "spriteSourceSize": { "x": 16, "y": 0, "w": 160, "h": 144 },
    "sourceSize": { "w": 192, "h": 160 },
    "duration": 100
   },
   "2": {
    "frame": { "x": 196, "y": 148, "w": 114, "h": 130 },
    "rotated": false,
    "trimmed": true,
    "spriteSourceSize": { "x": 32, "y": 16, "w": 112, "h": 128 },
    "sourceSize": { "w": 192, "h": 160 },
    "duration": 100
   },
   "3": {
    "frame": { "x": 311, "y": 164, "w": 130, "h": 114 },
    "rotated": false,
    "trimmed": true,
    "spriteSourceSize": { "x": 32, "y": 32, "w": 128, "h": 112 },
    "sourceSize": { "w": 192, "h": 160 },
    "duration": 100
   },
   "4": {
    "frame": { "x": 359, "y": 1, "w": 130, "h": 162 },
    "rotated": false,
    "trimmed": true,
    "spriteSourceSize": { "x": 32, "y": 0, "w": 128, "h": 160 },
    "sourceSize": { "w": 192, "h": 160 },
    "duration": 100
   },
   "5": {
    "frame": { "x": 359, "y": 1, "w": 130, "h": 162 },
    "rotated": false,
    "trimmed": true,
    "spriteSourceSize": { "x": 32, "y": 0, "w": 128, "h": 160 },
    "sourceSize": { "w": 192, "h": 160 },
    "duration": 100
   },
   "6": {
    "frame": { "x": 442, "y": 164, "w": 130, "h": 114 },
    "rotated": false,
    "trimmed": true,
    "spriteSourceSize": { "x": 32, "y": 32, "w": 128, "h": 112 },
    "sourceSize": { "w": 192, "h": 160 },
    "duration": 100
   },
   "7": {
    "frame": { "x": 1, "y": 164, "w": 178, "h": 114 },
    "rotated": false,
    "trimmed": true,
    "spriteSourceSize": { "x": 0, "y": 32, "w": 176, "h": 112 },
    "sourceSize": { "w": 192, "h": 160 },
    "duration": 100
   }
 },
 "meta": {
  "app": "https://www.aseprite.org/",
  "version": "1.3.2-arm64",
  "image": "trees.png",
  "format": "RGBA8888",
  "size": { "w": 573, "h": 279 },
  "scale": "1",
  "frameTags": [
  ],
  "layers": [
   { "name": "Layer", "opacity": 255, "blendMode": "normal" }
  ],
  "slices": [
  ]
 }
}
