{ "frames": {
   "0": {
    "frame": { "x": 1, "y": 1, "w": 50, "h": 50 },
    "rotated": false,
    "trimmed": true,
    "spriteSourceSize": { "x": 0, "y": 0, "w": 48, "h": 48 },
    "sourceSize": { "w": 42, "h": 48 },
    "duration": 100
   },
   "1": {
    "frame": { "x": 52, "y": 1, "w": 50, "h": 50 },
    "rotated": false,
    "trimmed": true,
    "spriteSourceSize": { "x": 0, "y": 0, "w": 48, "h": 48 },
    "sourceSize": { "w": 42, "h": 48 },
    "duration": 100
   },
   "2": {
    "frame": { "x": 1, "y": 52, "w": 50, "h": 50 },
    "rotated": false,
    "trimmed": true,
    "spriteSourceSize": { "x": 0, "y": 0, "w": 48, "h": 48 },
    "sourceSize": { "w": 42, "h": 48 },
    "duration": 100
   }
 },
 "meta": {
  "app": "https://www.aseprite.org/",
  "version": "1.3.2-x64",
  "image": "PressE.webp",
  "format": "RGBA8888",
  "size": { "w": 103, "h": 103 },
  "scale": "1",
  "frameTags": [
   { "name": "press", "from": 0, "to": 2, "direction": "forward", "color": "#000000ff" }
  ],
  "layers": [
   { "name": "Sprite Sheet", "opacity": 255, "blendMode": "normal" }
  ],
  "slices": [
  ]
 }
}
