{
  "ObjectDefinitions": [
    {
      "Type": "Point",
      "Class": "Primitive",
      "Properties": [
        {
          "Property": "x",
          "Type": "Float"
        },
        {
          "Property": "y",
          "Type": "Float"
        }
      ]
    },
    {
      "Type": "Color",
      "Class": "Primitive",
      "Properties": [
        {
          "Property": "a",
          "Type": "Float"
        },
        {
          "Property": "r",
          "Type": "Float"
        },
        {
          "Property": "g",
          "Type": "Float"
        },
        {
          "Property": "b",
          "Type": "Float"
        }
      ]
    },
    {
      "Type": "Size",
      "Class": "Primitive",
      "Properties": [
        {
          "Property": "w",
          "Type": "Float"
        },
        {
          "Property": "h",
          "Type": "Float"
        }
      ]
    },
    {
      "Type": "Rect",
      "Class": "Primitive",
      "Properties": [
        {
          "Property": "x",
          "Type": "Float"
        },
        {
          "Property": "y",
          "Type": "Float"
        },
        {
          "Property": "w",
          "Type": "Float"
        },
        {
          "Property": "h",
          "Type": "Float"
        }
      ]
    },
    {
      "Type": "PreviewImage",
      "Class": "ArticyObject",
      "Properties": [
        {
          "Property": "ViewBox",
          "Type": "Rect"
        },
        {
          "Property": "Mode",
          "Type": "PreviewImageViewBoxModes"
        },
        {
          "Property": "Asset",
          "Type": "Id"
        }
      ]
    },
    {
      "Type": "Transformation",
      "Class": "ArticyObject",
      "Properties": [
        {
          "Property": "Pivot",
          "Type": "Point"
        },
        {
          "Property": "Rotation",
          "Type": "Float"
        },
        {
          "Property": "Translation",
          "Type": "Point"
        },
        {
          "Property": "Matrix",
          "Type": "Array",
          "ItemType": "Float"
        }
      ]
    },
    {
      "Type": "OutgoingConnection",
      "Class": "ArticyObject",
      "Properties": [
        {
          "Property": "Label",
          "Type": "ArticyString"
        },
        {
          "Property": "Color",
          "Type": "Color"
        },
        {
          "Property": "TargetPin",
          "Type": "InputPin"
        },
        {
          "Property": "Target",
          "Type": "Id"
        }
      ]
    },
    {
      "Type": "IncomingConnection",
      "Class": "ArticyObject",
      "Properties": [
        {
          "Property": "Label",
          "Type": "ArticyString"
        },
        {
          "Property": "Color",
          "Type": "Color"
        },
        {
          "Property": "SourcePin",
          "Type": "OutputPin"
        },
        {
          "Property": "Source",
          "Type": "Id"
        }
      ]
    },
    {
      "Type": "OutputPin",
      "Class": "ArticyObject",
      "Properties": [
        {
          "Property": "Text",
          "Type": "Script_Instruction"
        },
        {
          "Property": "Id",
          "Type": "Id"
        },
        {
          "Property": "Owner",
          "Type": "Id"
        },
        {
          "Property": "Connections",
          "Type": "Array",
          "ItemType": "OutgoingConnection"
        }
      ]
    },
    {
      "Type": "InputPin",
      "Class": "ArticyObject",
      "Properties": [
        {
          "Property": "Text",
          "Type": "Script_Condition"
        },
        {
          "Property": "Id",
          "Type": "Id"
        },
        {
          "Property": "Owner",
          "Type": "Id"
        },
        {
          "Property": "Connections",
          "Type": "Array",
          "ItemType": "OutgoingConnection"
        }
      ]
    },
    {
      "Type": "LocationAnchor",
      "Class": "ArticyObject",
      "Properties": [
        {
          "Property": "AnchorPositionX",
          "Type": "Float"
        },
        {
          "Property": "AnchorPositionY",
          "Type": "Float"
        },
        {
          "Property": "AnchorColor",
          "Type": "Color"
        },
        {
          "Property": "AnchorSize",
          "Type": "LocationAnchorSize"
        }
      ]
    },
    {
      "Type": "Sex",
      "Class": "Enum",
      "DisplayName": "Sex",
      "Values": {
        "Male": 0,
        "Female": 1,
        "Unknown": 2
      },
      "DisplayNames": {
        "Male": "Male",
        "Female": "Female",
        "Unknown": "Unknown"
      }
    },
    {
      "Type": "animationAfter",
      "Class": "Enum",
      "DisplayName": "Animation After",
      "Values": {
        "idle": 0,
        "talking": 1,
        "yes": 2,
        "no": 3
      },
      "DisplayNames": {
        "idle": "Idle",
        "talking": "Talking",
        "yes": "Yes",
        "no": "No"
      }
    },
    {
      "Type": "animation",
      "Class": "Enum",
      "DisplayName": "Animation",
      "Values": {
        "idle": 0,
        "talking": 1,
        "yes": 2,
        "no": 3
      },
      "DisplayNames": {
        "idle": "Idle",
        "talking": "Talking",
        "yes": "Yes",
        "no": "No"
      }
    },
    {
      "Type": "ShapeType",
      "Class": "Enum",
      "DisplayName": "ShapeType",
      "Values": {
        "Invalid": 0,
        "Spot": 1,
        "Circle": 2,
        "Rectangle": 3,
        "Path": 4,
        "Polygon": 5,
        "Link": 6
      },
      "DisplayNames": {
        "Invalid": "Invalid",
        "Spot": "Spot",
        "Circle": "Circle",
        "Rectangle": "Rectangle",
        "Path": "Path",
        "Polygon": "Polygon",
        "Link": "Link"
      }
    },
    {
      "Type": "SelectabilityModes",
      "Class": "Enum",
      "DisplayName": "SelectabilityModes",
      "Values": {
        "Unselectable": 0,
        "Selectable": 1
      },
      "DisplayNames": {
        "Unselectable": "Unselectable",
        "Selectable": "Selectable"
      }
    },
    {
      "Type": "VisibilityModes",
      "Class": "Enum",
      "DisplayName": "VisibilityModes",
      "Values": {
        "Invisible": 0,
        "Visible": 1
      },
      "DisplayNames": {
        "Invisible": "Invisible",
        "Visible": "Visible"
      }
    },
    {
      "Type": "OutlineStyle",
      "Class": "Enum",
      "DisplayName": "OutlineStyle",
      "Values": {
        "Solid": 0,
        "Dot": 1,
        "Dash": 2,
        "DashDot": 3,
        "DashDotDot": 4
      },
      "DisplayNames": {
        "Solid": "Solid",
        "Dot": "Dot",
        "Dash": "Dash",
        "DashDot": "DashDot",
        "DashDotDot": "DashDotDot"
      }
    },
    {
      "Type": "PathCaps",
      "Class": "Enum",
      "DisplayName": "PathCaps",
      "Values": {
        "ColoredDot": 0,
        "None": 1,
        "LineArrowHead": 2,
        "FilledArrowHead": 3,
        "Diamond": 4,
        "Square": 5,
        "Disc": 6
      },
      "DisplayNames": {
        "ColoredDot": "ColoredDot",
        "None": "None",
        "LineArrowHead": "LineArrowHead",
        "FilledArrowHead": "FilledArrowHead",
        "Diamond": "Diamond",
        "Square": "Square",
        "Disc": "Disc"
      }
    },
    {
      "Type": "LocationAnchorSize",
      "Class": "Enum",
      "DisplayName": "LocationAnchorSize",
      "Values": {
        "Small": 0,
        "Medium": 1,
        "Large": 2
      },
      "DisplayNames": {
        "Small": "Small",
        "Medium": "Medium",
        "Large": "Large"
      }
    },
    {
      "Type": "PreviewImageViewBoxModes",
      "Class": "Enum",
      "DisplayName": "PreviewImageViewBoxModes",
      "Values": {
        "FromAsset": 0,
        "Custom": 1
      },
      "DisplayNames": {
        "FromAsset": "FromAsset",
        "Custom": "Custom"
      }
    },
    {
      "Type": "FlowFragment",
      "Class": "FlowFragment",
      "DisplayName": "FlowFragment",
      "Properties": [
        {
          "Property": "Attachments",
          "Type": "Array",
          "ItemType": "Id"
        },
        {
          "Property": "DisplayName",
          "Type": "ArticyMultiLanguageString"
        },
        {
          "Property": "PreviewImage",
          "Type": "PreviewImage"
        },
        {
          "Property": "Color",
          "Type": "Color"
        },
        {
          "Property": "Text",
          "Type": "ArticyMultiLanguageString"
        },
        {
          "Property": "ExternalId",
          "Type": "String"
        },
        {
          "Property": "Position",
          "Type": "Point"
        },
        {
          "Property": "ZIndex",
          "Type": "Float"
        },
        {
          "Property": "Size",
          "Type": "Size"
        },
        {
          "Property": "ShortId",
          "Type": "UInt"
        },
        {
          "Property": "Id",
          "Type": "Id"
        },
        {
          "Property": "TechnicalName",
          "Type": "String"
        },
        {
          "Property": "Parent",
          "Type": "Id"
        },
        {
          "Property": "InputPins",
          "Type": "Array",
          "ItemType": "InputPin"
        },
        {
          "Property": "OutputPins",
          "Type": "Array",
          "ItemType": "OutputPin"
        }
      ]
    },
    {
      "Type": "Dialogue",
      "Class": "Dialogue",
      "DisplayName": "Dialogue",
      "Properties": [
        {
          "Property": "Attachments",
          "Type": "Array",
          "ItemType": "Id"
        },
        {
          "Property": "DisplayName",
          "Type": "ArticyMultiLanguageString"
        },
        {
          "Property": "PreviewImage",
          "Type": "PreviewImage"
        },
        {
          "Property": "Color",
          "Type": "Color"
        },
        {
          "Property": "Text",
          "Type": "ArticyMultiLanguageString"
        },
        {
          "Property": "ExternalId",
          "Type": "String"
        },
        {
          "Property": "Position",
          "Type": "Point"
        },
        {
          "Property": "ZIndex",
          "Type": "Float"
        },
        {
          "Property": "Size",
          "Type": "Size"
        },
        {
          "Property": "ShortId",
          "Type": "UInt"
        },
        {
          "Property": "Id",
          "Type": "Id"
        },
        {
          "Property": "TechnicalName",
          "Type": "String"
        },
        {
          "Property": "Parent",
          "Type": "Id"
        },
        {
          "Property": "InputPins",
          "Type": "Array",
          "ItemType": "InputPin"
        },
        {
          "Property": "OutputPins",
          "Type": "Array",
          "ItemType": "OutputPin"
        }
      ]
    },
    {
      "Type": "DialogueFragment",
      "Class": "DialogueFragment",
      "DisplayName": "DialogueFragment",
      "Properties": [
        {
          "Property": "MenuText",
          "Type": "ArticyString"
        },
        {
          "Property": "StageDirections",
          "Type": "ArticyString"
        },
        {
          "Property": "Speaker",
          "Type": "Id"
        },
        {
          "Property": "SplitHeight",
          "Type": "Float"
        },
        {
          "Property": "Color",
          "Type": "Color"
        },
        {
          "Property": "Text",
          "Type": "ArticyMultiLanguageString"
        },
        {
          "Property": "ExternalId",
          "Type": "String"
        },
        {
          "Property": "Position",
          "Type": "Point"
        },
        {
          "Property": "ZIndex",
          "Type": "Float"
        },
        {
          "Property": "Size",
          "Type": "Size"
        },
        {
          "Property": "ShortId",
          "Type": "UInt"
        },
        {
          "Property": "Id",
          "Type": "Id"
        },
        {
          "Property": "TechnicalName",
          "Type": "String"
        },
        {
          "Property": "Parent",
          "Type": "Id"
        },
        {
          "Property": "InputPins",
          "Type": "Array",
          "ItemType": "InputPin"
        },
        {
          "Property": "OutputPins",
          "Type": "Array",
          "ItemType": "OutputPin"
        }
      ]
    },
    {
      "Type": "DIalogLine",
      "Class": "DialogueFragment",
      "InheritsFrom": "DialogueFragment",
      "Template": {
        "TechnicalName": "DIalogLine",
        "DisplayName": "DIalogLine",
        "Features": [
          {
            "TechnicalName": "DialogLine",
            "DisplayName": "DialogLine",
            "Properties": [
              {
                "Property": "animation",
                "Type": "animation",
                "DisplayName": "Animation"
              },
              {
                "Property": "repeat",
                "Type": "Float",
                "DisplayName": "Repeat"
              },
              {
                "Property": "animationAfter",
                "Type": "animationAfter",
                "DisplayName": "Animation After"
              },
              {
                "Property": "repeatAfter",
                "Type": "Float",
                "DisplayName": "Repeat after"
              }
            ],
            "Constraints": [
              {
                "Property": "animation",
                "Type": "Enum",
                "IsLocalized": "False",
                "SortMode": "BySortIndex"
              },
              {
                "Property": "repeat",
                "Type": "Number",
                "MinValue": "-1",
                "MaxValue": "3.40282346638529E+38",
                "Precision": "0",
                "MinPrecision": "0",
                "MaxPrecision": "0",
                "Unit": null
              },
              {
                "Property": "animationAfter",
                "Type": "Enum",
                "IsLocalized": "False",
                "SortMode": "BySortIndex"
              },
              {
                "Property": "repeatAfter",
                "Type": "Number",
                "MinValue": "-1",
                "MaxValue": "3.40282346638529E+38",
                "Precision": "0",
                "MinPrecision": "0",
                "MaxPrecision": "0",
                "Unit": null
              }
            ]
          }
        ]
      }
    },
    {
      "Type": "Hub",
      "Class": "Hub",
      "DisplayName": "Hub",
      "Properties": [
        {
          "Property": "DisplayName",
          "Type": "ArticyString"
        },
        {
          "Property": "Color",
          "Type": "Color"
        },
        {
          "Property": "Text",
          "Type": "ArticyString"
        },
        {
          "Property": "ExternalId",
          "Type": "String"
        },
        {
          "Property": "Position",
          "Type": "Point"
        },
        {
          "Property": "ZIndex",
          "Type": "Float"
        },
        {
          "Property": "Size",
          "Type": "Size"
        },
        {
          "Property": "ShortId",
          "Type": "UInt"
        },
        {
          "Property": "Id",
          "Type": "Id"
        },
        {
          "Property": "TechnicalName",
          "Type": "String"
        },
        {
          "Property": "Parent",
          "Type": "Id"
        },
        {
          "Property": "InputPins",
          "Type": "Array",
          "ItemType": "InputPin"
        },
        {
          "Property": "OutputPins",
          "Type": "Array",
          "ItemType": "OutputPin"
        }
      ]
    },
    {
      "Type": "Comment",
      "Class": "Comment",
      "DisplayName": "Comment",
      "Properties": [
        {
          "Property": "CreatedBy",
          "Type": "ArticyString"
        },
        {
          "Property": "CreatedOn",
          "Type": "DateTime"
        },
        {
          "Property": "Color",
          "Type": "Color"
        },
        {
          "Property": "Text",
          "Type": "ArticyString"
        },
        {
          "Property": "ExternalId",
          "Type": "String"
        },
        {
          "Property": "Position",
          "Type": "Point"
        },
        {
          "Property": "ZIndex",
          "Type": "Float"
        },
        {
          "Property": "Size",
          "Type": "Size"
        },
        {
          "Property": "ShortId",
          "Type": "UInt"
        },
        {
          "Property": "Id",
          "Type": "Id"
        },
        {
          "Property": "TechnicalName",
          "Type": "String"
        },
        {
          "Property": "Parent",
          "Type": "Id"
        }
      ]
    },
    {
      "Type": "Jump",
      "Class": "Jump",
      "DisplayName": "Jump",
      "Properties": [
        {
          "Property": "Color",
          "Type": "Color"
        },
        {
          "Property": "Text",
          "Type": "ArticyString"
        },
        {
          "Property": "ExternalId",
          "Type": "String"
        },
        {
          "Property": "Position",
          "Type": "Point"
        },
        {
          "Property": "ZIndex",
          "Type": "Float"
        },
        {
          "Property": "Size",
          "Type": "Size"
        },
        {
          "Property": "ShortId",
          "Type": "UInt"
        },
        {
          "Property": "Id",
          "Type": "Id"
        },
        {
          "Property": "TechnicalName",
          "Type": "String"
        },
        {
          "Property": "Parent",
          "Type": "Id"
        },
        {
          "Property": "Target",
          "Type": "Id"
        },
        {
          "Property": "TargetPin",
          "Type": "Id"
        },
        {
          "Property": "InputPins",
          "Type": "Array",
          "ItemType": "InputPin"
        },
        {
          "Property": "OutputPins",
          "Type": "Array",
          "ItemType": "OutputPin"
        }
      ]
    },
    {
      "Type": "Entity",
      "Class": "Entity",
      "DisplayName": "Entity",
      "Properties": [
        {
          "Property": "Attachments",
          "Type": "Array",
          "ItemType": "Id"
        },
        {
          "Property": "DisplayName",
          "Type": "ArticyMultiLanguageString"
        },
        {
          "Property": "Color",
          "Type": "Color"
        },
        {
          "Property": "Text",
          "Type": "ArticyMultiLanguageString"
        },
        {
          "Property": "ExternalId",
          "Type": "String"
        },
        {
          "Property": "Position",
          "Type": "Point"
        },
        {
          "Property": "ZIndex",
          "Type": "Float"
        },
        {
          "Property": "Size",
          "Type": "Size"
        },
        {
          "Property": "PreviewImage",
          "Type": "PreviewImage"
        },
        {
          "Property": "ShortId",
          "Type": "UInt"
        },
        {
          "Property": "Id",
          "Type": "Id"
        },
        {
          "Property": "TechnicalName",
          "Type": "String"
        },
        {
          "Property": "Parent",
          "Type": "Id"
        }
      ]
    },
    {
      "Type": "DefaultSupportingCharacterTemplate",
      "Class": "Entity",
      "InheritsFrom": "Entity",
      "Template": {
        "TechnicalName": "DefaultSupportingCharacterTemplate",
        "DisplayName": "Supporting characters",
        "Features": [
          {
            "TechnicalName": "DefaultBasicCharacterFeature",
            "DisplayName": "Basic Character Properties",
            "Properties": [
              {
                "Property": "Age",
                "Type": "Float",
                "DisplayName": "Age"
              },
              {
                "Property": "Species",
                "Type": "ArticyMultiLanguageString",
                "DisplayName": "Species",
                "Localizable": true
              },
              {
                "Property": "BornIn",
                "Type": "ArticyMultiLanguageString",
                "DisplayName": "Born in",
                "Localizable": true
              },
              {
                "Property": "Sex",
                "Type": "Sex",
                "DisplayName": "Sex",
                "Localizable": true
              },
              {
                "Property": "Occupation",
                "Type": "ArticyMultiLanguageString",
                "DisplayName": "Profession",
                "Localizable": true
              },
              {
                "Property": "Accent",
                "Type": "ArticyMultiLanguageString",
                "DisplayName": "Voice",
                "Localizable": true
              },
              {
                "Property": "Personality",
                "Type": "ArticyMultiLanguageString",
                "DisplayName": "Personality",
                "Localizable": true
              },
              {
                "Property": "Appearance",
                "Type": "ArticyMultiLanguageString",
                "DisplayName": "Appearance",
                "Localizable": true
              }
            ],
            "Constraints": [
              {
                "Property": "Age",
                "Type": "Number",
                "MinValue": "-3.40282346638529E+38",
                "MaxValue": "3.40282346638529E+38",
                "Precision": "0",
                "MinPrecision": "0",
                "MaxPrecision": "0",
                "Unit": null
              },
              {
                "Property": "Species",
                "Type": "Text",
                "MaxLength": "2048",
                "PlaceholderValue": "",
                "IsLocalized": "True",
                "AllowsLinebreaks": "False",
                "HasVoiceOver": "False"
              },
              {
                "Property": "BornIn",
                "Type": "Text",
                "MaxLength": "2048",
                "PlaceholderValue": "",
                "IsLocalized": "True",
                "AllowsLinebreaks": "False",
                "HasVoiceOver": "False"
              },
              {
                "Property": "Sex",
                "Type": "Enum",
                "IsLocalized": "True",
                "SortMode": "BySortIndex"
              },
              {
                "Property": "Occupation",
                "Type": "Text",
                "MaxLength": "2048",
                "PlaceholderValue": "",
                "IsLocalized": "True",
                "AllowsLinebreaks": "False",
                "HasVoiceOver": "False"
              },
              {
                "Property": "Accent",
                "Type": "Text",
                "MaxLength": "2048",
                "PlaceholderValue": "",
                "IsLocalized": "True",
                "AllowsLinebreaks": "False",
                "HasVoiceOver": "False"
              },
              {
                "Property": "Personality",
                "Type": "Text",
                "MaxLength": "2048",
                "PlaceholderValue": "",
                "IsLocalized": "True",
                "AllowsLinebreaks": "True",
                "HasVoiceOver": "False"
              },
              {
                "Property": "Appearance",
                "Type": "Text",
                "MaxLength": "2048",
                "PlaceholderValue": "",
                "IsLocalized": "True",
                "AllowsLinebreaks": "True",
                "HasVoiceOver": "False"
              }
            ]
          }
        ]
      }
    },
    {
      "Type": "DefaultMainCharacterTemplate",
      "Class": "Entity",
      "InheritsFrom": "Entity",
      "Template": {
        "TechnicalName": "DefaultMainCharacterTemplate",
        "DisplayName": "Main characters",
        "Features": [
          {
            "TechnicalName": "DefaultExtendedCharacterFeature",
            "DisplayName": "Extended Character Properties",
            "Properties": [
              {
                "Property": "Motivation",
                "Type": "ArticyMultiLanguageString",
                "DisplayName": "Goals",
                "Localizable": true
              },
              {
                "Property": "InnerConflict",
                "Type": "ArticyMultiLanguageString",
                "DisplayName": "Inner Conflict",
                "Localizable": true
              },
              {
                "Property": "Skills",
                "Type": "ArticyMultiLanguageString",
                "DisplayName": "Skills",
                "Localizable": true
              },
              {
                "Property": "Fears",
                "Type": "ArticyMultiLanguageString",
                "DisplayName": "Weaknesses",
                "Localizable": true
              },
              {
                "Property": "Habits",
                "Type": "ArticyMultiLanguageString",
                "DisplayName": "Quirks / Habits",
                "Localizable": true
              },
              {
                "Property": "FurtherDetails",
                "Type": "ArticyMultiLanguageString",
                "DisplayName": "Further Details",
                "Localizable": true
              }
            ],
            "Constraints": [
              {
                "Property": "Motivation",
                "Type": "Text",
                "MaxLength": "2048",
                "PlaceholderValue": "",
                "IsLocalized": "True",
                "AllowsLinebreaks": "True",
                "HasVoiceOver": "False"
              },
              {
                "Property": "InnerConflict",
                "Type": "Text",
                "MaxLength": "2048",
                "PlaceholderValue": "",
                "IsLocalized": "True",
                "AllowsLinebreaks": "True",
                "HasVoiceOver": "False"
              },
              {
                "Property": "Skills",
                "Type": "Text",
                "MaxLength": "2048",
                "PlaceholderValue": "",
                "IsLocalized": "True",
                "AllowsLinebreaks": "True",
                "HasVoiceOver": "False"
              },
              {
                "Property": "Fears",
                "Type": "Text",
                "MaxLength": "2048",
                "PlaceholderValue": "",
                "IsLocalized": "True",
                "AllowsLinebreaks": "True",
                "HasVoiceOver": "False"
              },
              {
                "Property": "Habits",
                "Type": "Text",
                "MaxLength": "2048",
                "PlaceholderValue": "",
                "IsLocalized": "True",
                "AllowsLinebreaks": "True",
                "HasVoiceOver": "False"
              },
              {
                "Property": "FurtherDetails",
                "Type": "Text",
                "MaxLength": "2048",
                "PlaceholderValue": "",
                "IsLocalized": "True",
                "AllowsLinebreaks": "True",
                "HasVoiceOver": "False"
              }
            ]
          },
          {
            "TechnicalName": "DefaultBasicCharacterFeature",
            "DisplayName": "Basic Character Properties",
            "Properties": [
              {
                "Property": "Age",
                "Type": "Float",
                "DisplayName": "Age"
              },
              {
                "Property": "Species",
                "Type": "ArticyMultiLanguageString",
                "DisplayName": "Species",
                "Localizable": true
              },
              {
                "Property": "BornIn",
                "Type": "ArticyMultiLanguageString",
                "DisplayName": "Born in",
                "Localizable": true
              },
              {
                "Property": "Sex",
                "Type": "Sex",
                "DisplayName": "Sex",
                "Localizable": true
              },
              {
                "Property": "Occupation",
                "Type": "ArticyMultiLanguageString",
                "DisplayName": "Profession",
                "Localizable": true
              },
              {
                "Property": "Accent",
                "Type": "ArticyMultiLanguageString",
                "DisplayName": "Voice",
                "Localizable": true
              },
              {
                "Property": "Personality",
                "Type": "ArticyMultiLanguageString",
                "DisplayName": "Personality",
                "Localizable": true
              },
              {
                "Property": "Appearance",
                "Type": "ArticyMultiLanguageString",
                "DisplayName": "Appearance",
                "Localizable": true
              }
            ],
            "Constraints": [
              {
                "Property": "Age",
                "Type": "Number",
                "MinValue": "-3.40282346638529E+38",
                "MaxValue": "3.40282346638529E+38",
                "Precision": "0",
                "MinPrecision": "0",
                "MaxPrecision": "0",
                "Unit": null
              },
              {
                "Property": "Species",
                "Type": "Text",
                "MaxLength": "2048",
                "PlaceholderValue": "",
                "IsLocalized": "True",
                "AllowsLinebreaks": "False",
                "HasVoiceOver": "False"
              },
              {
                "Property": "BornIn",
                "Type": "Text",
                "MaxLength": "2048",
                "PlaceholderValue": "",
                "IsLocalized": "True",
                "AllowsLinebreaks": "False",
                "HasVoiceOver": "False"
              },
              {
                "Property": "Sex",
                "Type": "Enum",
                "IsLocalized": "True",
                "SortMode": "BySortIndex"
              },
              {
                "Property": "Occupation",
                "Type": "Text",
                "MaxLength": "2048",
                "PlaceholderValue": "",
                "IsLocalized": "True",
                "AllowsLinebreaks": "False",
                "HasVoiceOver": "False"
              },
              {
                "Property": "Accent",
                "Type": "Text",
                "MaxLength": "2048",
                "PlaceholderValue": "",
                "IsLocalized": "True",
                "AllowsLinebreaks": "False",
                "HasVoiceOver": "False"
              },
              {
                "Property": "Personality",
                "Type": "Text",
                "MaxLength": "2048",
                "PlaceholderValue": "",
                "IsLocalized": "True",
                "AllowsLinebreaks": "True",
                "HasVoiceOver": "False"
              },
              {
                "Property": "Appearance",
                "Type": "Text",
                "MaxLength": "2048",
                "PlaceholderValue": "",
                "IsLocalized": "True",
                "AllowsLinebreaks": "True",
                "HasVoiceOver": "False"
              }
            ]
          }
        ]
      }
    },
    {
      "Type": "Location",
      "Class": "Location",
      "DisplayName": "Location",
      "Properties": [
        {
          "Property": "Attachments",
          "Type": "Array",
          "ItemType": "Id"
        },
        {
          "Property": "DisplayName",
          "Type": "ArticyString"
        },
        {
          "Property": "PreviewImage",
          "Type": "PreviewImage"
        },
        {
          "Property": "Color",
          "Type": "Color"
        },
        {
          "Property": "Text",
          "Type": "ArticyString"
        },
        {
          "Property": "ExternalId",
          "Type": "String"
        },
        {
          "Property": "Position",
          "Type": "Point"
        },
        {
          "Property": "ZIndex",
          "Type": "Float"
        },
        {
          "Property": "Size",
          "Type": "Size"
        },
        {
          "Property": "ShortId",
          "Type": "UInt"
        },
        {
          "Property": "Id",
          "Type": "Id"
        },
        {
          "Property": "TechnicalName",
          "Type": "String"
        },
        {
          "Property": "Parent",
          "Type": "Id"
        }
      ]
    },
    {
      "Type": "Spot",
      "Class": "Spot",
      "DisplayName": "Spot",
      "Properties": [
        {
          "Property": "DisplayName",
          "Type": "ArticyString"
        },
        {
          "Property": "Color",
          "Type": "Color"
        },
        {
          "Property": "Text",
          "Type": "ArticyString"
        },
        {
          "Property": "ExternalId",
          "Type": "String"
        },
        {
          "Property": "Position",
          "Type": "Point"
        },
        {
          "Property": "ZIndex",
          "Type": "Float"
        },
        {
          "Property": "Size",
          "Type": "Size"
        },
        {
          "Property": "PreviewImage",
          "Type": "PreviewImage"
        },
        {
          "Property": "ShortId",
          "Type": "UInt"
        },
        {
          "Property": "Visibility",
          "Type": "VisibilityModes"
        },
        {
          "Property": "ShowDisplayName",
          "Type": "Boolean"
        },
        {
          "Property": "DisplayNameColor",
          "Type": "Color"
        },
        {
          "Property": "DisplayNameSize",
          "Type": "Int"
        },
        {
          "Property": "OutlineColor",
          "Type": "Color"
        },
        {
          "Property": "OutlineSize",
          "Type": "Float"
        },
        {
          "Property": "OutlineStyle",
          "Type": "OutlineStyle"
        },
        {
          "Property": "DropShadow",
          "Type": "Boolean"
        },
        {
          "Property": "Selectability",
          "Type": "SelectabilityModes"
        },
        {
          "Property": "Id",
          "Type": "Id"
        },
        {
          "Property": "TechnicalName",
          "Type": "String"
        },
        {
          "Property": "Parent",
          "Type": "Id"
        }
      ]
    },
    {
      "Type": "Zone",
      "Class": "Zone",
      "DisplayName": "Zone",
      "Properties": [
        {
          "Property": "DisplayName",
          "Type": "ArticyString"
        },
        {
          "Property": "PreviewImage",
          "Type": "PreviewImage"
        },
        {
          "Property": "Vertices",
          "Type": "Array",
          "ItemType": "Point"
        },
        {
          "Property": "Transform",
          "Type": "Transformation"
        },
        {
          "Property": "ShapeType",
          "Type": "ShapeType"
        },
        {
          "Property": "Color",
          "Type": "Color"
        },
        {
          "Property": "Text",
          "Type": "ArticyString"
        },
        {
          "Property": "ExternalId",
          "Type": "String"
        },
        {
          "Property": "ZIndex",
          "Type": "Float"
        },
        {
          "Property": "Size",
          "Type": "Size"
        },
        {
          "Property": "ShortId",
          "Type": "UInt"
        },
        {
          "Property": "Visibility",
          "Type": "VisibilityModes"
        },
        {
          "Property": "OutlineColor",
          "Type": "Color"
        },
        {
          "Property": "OutlineSize",
          "Type": "Float"
        },
        {
          "Property": "OutlineStyle",
          "Type": "OutlineStyle"
        },
        {
          "Property": "ShowDisplayName",
          "Type": "Boolean"
        },
        {
          "Property": "DisplayNameColor",
          "Type": "Color"
        },
        {
          "Property": "DisplayNameSize",
          "Type": "Int"
        },
        {
          "Property": "DropShadow",
          "Type": "Boolean"
        },
        {
          "Property": "Selectability",
          "Type": "SelectabilityModes"
        },
        {
          "Property": "Id",
          "Type": "Id"
        },
        {
          "Property": "TechnicalName",
          "Type": "String"
        },
        {
          "Property": "Parent",
          "Type": "Id"
        }
      ]
    },
    {
      "Type": "Path",
      "Class": "Path",
      "DisplayName": "Path",
      "Properties": [
        {
          "Property": "DisplayName",
          "Type": "ArticyString"
        },
        {
          "Property": "PreviewImage",
          "Type": "PreviewImage"
        },
        {
          "Property": "Vertices",
          "Type": "Array",
          "ItemType": "Point"
        },
        {
          "Property": "Transform",
          "Type": "Transformation"
        },
        {
          "Property": "Color",
          "Type": "Color"
        },
        {
          "Property": "Text",
          "Type": "ArticyString"
        },
        {
          "Property": "ExternalId",
          "Type": "String"
        },
        {
          "Property": "ZIndex",
          "Type": "Float"
        },
        {
          "Property": "Size",
          "Type": "Size"
        },
        {
          "Property": "ShortId",
          "Type": "UInt"
        },
        {
          "Property": "Visibility",
          "Type": "VisibilityModes"
        },
        {
          "Property": "Selectability",
          "Type": "SelectabilityModes"
        },
        {
          "Property": "ShowDisplayName",
          "Type": "Boolean"
        },
        {
          "Property": "DisplayNameColor",
          "Type": "Color"
        },
        {
          "Property": "DisplayNameSize",
          "Type": "Int"
        },
        {
          "Property": "DropShadow",
          "Type": "Boolean"
        },
        {
          "Property": "OutlineColor",
          "Type": "Color"
        },
        {
          "Property": "OutlineSize",
          "Type": "Float"
        },
        {
          "Property": "OutlineStyle",
          "Type": "OutlineStyle"
        },
        {
          "Property": "StartCap",
          "Type": "PathCaps"
        },
        {
          "Property": "EndCap",
          "Type": "PathCaps"
        },
        {
          "Property": "LineWidth",
          "Type": "Float"
        },
        {
          "Property": "Id",
          "Type": "Id"
        },
        {
          "Property": "TechnicalName",
          "Type": "String"
        },
        {
          "Property": "Parent",
          "Type": "Id"
        }
      ]
    },
    {
      "Type": "Link",
      "Class": "Link",
      "DisplayName": "Link",
      "Properties": [
        {
          "Property": "Color",
          "Type": "Color"
        },
        {
          "Property": "Text",
          "Type": "ArticyString"
        },
        {
          "Property": "ExternalId",
          "Type": "String"
        },
        {
          "Property": "Position",
          "Type": "Point"
        },
        {
          "Property": "ZIndex",
          "Type": "Float"
        },
        {
          "Property": "Size",
          "Type": "Size"
        },
        {
          "Property": "Target",
          "Type": "Id"
        },
        {
          "Property": "ShortId",
          "Type": "UInt"
        },
        {
          "Property": "Visibility",
          "Type": "VisibilityModes"
        },
        {
          "Property": "ShowDisplayName",
          "Type": "Boolean"
        },
        {
          "Property": "DisplayNameColor",
          "Type": "Color"
        },
        {
          "Property": "DisplayNameSize",
          "Type": "Int"
        },
        {
          "Property": "Selectability",
          "Type": "SelectabilityModes"
        },
        {
          "Property": "DropShadow",
          "Type": "Boolean"
        },
        {
          "Property": "Id",
          "Type": "Id"
        },
        {
          "Property": "TechnicalName",
          "Type": "String"
        },
        {
          "Property": "Parent",
          "Type": "Id"
        }
      ]
    },
    {
      "Type": "Asset",
      "Class": "Asset",
      "DisplayName": "Asset",
      "Properties": [
        {
          "Property": "DisplayName",
          "Type": "ArticyString"
        },
        {
          "Property": "Filename",
          "Type": "ArticyString"
        },
        {
          "Property": "OriginalSource",
          "Type": "ArticyString"
        },
        {
          "Property": "PreviewImage",
          "Type": "PreviewImage"
        },
        {
          "Property": "Color",
          "Type": "Color"
        },
        {
          "Property": "Text",
          "Type": "ArticyString"
        },
        {
          "Property": "ExternalId",
          "Type": "String"
        },
        {
          "Property": "Position",
          "Type": "Point"
        },
        {
          "Property": "ZIndex",
          "Type": "Float"
        },
        {
          "Property": "Size",
          "Type": "Size"
        },
        {
          "Property": "ShortId",
          "Type": "UInt"
        },
        {
          "Property": "Id",
          "Type": "Id"
        },
        {
          "Property": "TechnicalName",
          "Type": "String"
        },
        {
          "Property": "Parent",
          "Type": "Id"
        }
      ]
    },
    {
      "Type": "Condition",
      "Class": "Condition",
      "DisplayName": "Condition",
      "Properties": [
        {
          "Property": "DisplayName",
          "Type": "ArticyString"
        },
        {
          "Property": "Text",
          "Type": "ArticyString"
        },
        {
          "Property": "ExternalId",
          "Type": "String"
        },
        {
          "Property": "Position",
          "Type": "Point"
        },
        {
          "Property": "ZIndex",
          "Type": "Float"
        },
        {
          "Property": "Size",
          "Type": "Size"
        },
        {
          "Property": "ShortId",
          "Type": "UInt"
        },
        {
          "Property": "Expression",
          "Type": "Script_Condition"
        },
        {
          "Property": "Color",
          "Type": "Color"
        },
        {
          "Property": "Id",
          "Type": "Id"
        },
        {
          "Property": "TechnicalName",
          "Type": "String"
        },
        {
          "Property": "Parent",
          "Type": "Id"
        },
        {
          "Property": "InputPins",
          "Type": "Array",
          "ItemType": "InputPin"
        },
        {
          "Property": "OutputPins",
          "Type": "Array",
          "ItemType": "OutputPin"
        }
      ]
    },
    {
      "Type": "Instruction",
      "Class": "Instruction",
      "DisplayName": "Instruction",
      "Properties": [
        {
          "Property": "DisplayName",
          "Type": "ArticyString"
        },
        {
          "Property": "Text",
          "Type": "ArticyString"
        },
        {
          "Property": "ExternalId",
          "Type": "String"
        },
        {
          "Property": "Position",
          "Type": "Point"
        },
        {
          "Property": "ZIndex",
          "Type": "Float"
        },
        {
          "Property": "Size",
          "Type": "Size"
        },
        {
          "Property": "ShortId",
          "Type": "UInt"
        },
        {
          "Property": "Expression",
          "Type": "Script_Instruction"
        },
        {
          "Property": "Color",
          "Type": "Color"
        },
        {
          "Property": "Id",
          "Type": "Id"
        },
        {
          "Property": "TechnicalName",
          "Type": "String"
        },
        {
          "Property": "Parent",
          "Type": "Id"
        },
        {
          "Property": "InputPins",
          "Type": "Array",
          "ItemType": "InputPin"
        },
        {
          "Property": "OutputPins",
          "Type": "Array",
          "ItemType": "OutputPin"
        }
      ]
    },
    {
      "Type": "LocationText",
      "Class": "LocationText",
      "DisplayName": "LocationText",
      "Properties": [
        {
          "Property": "DisplayName",
          "Type": "ArticyString"
        },
        {
          "Property": "PreviewImage",
          "Type": "PreviewImage"
        },
        {
          "Property": "Anchors",
          "Type": "Array",
          "ItemType": "LocationAnchor"
        },
        {
          "Property": "Vertices",
          "Type": "Array",
          "ItemType": "Point"
        },
        {
          "Property": "Transform",
          "Type": "Transformation"
        },
        {
          "Property": "ShapeType",
          "Type": "ShapeType"
        },
        {
          "Property": "Color",
          "Type": "Color"
        },
        {
          "Property": "Text",
          "Type": "ArticyString"
        },
        {
          "Property": "ExternalId",
          "Type": "String"
        },
        {
          "Property": "ZIndex",
          "Type": "Float"
        },
        {
          "Property": "Size",
          "Type": "Size"
        },
        {
          "Property": "ShortId",
          "Type": "UInt"
        },
        {
          "Property": "Visibility",
          "Type": "VisibilityModes"
        },
        {
          "Property": "OutlineColor",
          "Type": "Color"
        },
        {
          "Property": "OutlineSize",
          "Type": "Float"
        },
        {
          "Property": "OutlineStyle",
          "Type": "OutlineStyle"
        },
        {
          "Property": "Selectability",
          "Type": "SelectabilityModes"
        },
        {
          "Property": "ForcedWidth",
          "Type": "Float"
        },
        {
          "Property": "ForcedHeight",
          "Type": "Float"
        },
        {
          "Property": "DropShadow",
          "Type": "Boolean"
        },
        {
          "Property": "Id",
          "Type": "Id"
        },
        {
          "Property": "TechnicalName",
          "Type": "String"
        },
        {
          "Property": "Parent",
          "Type": "Id"
        }
      ]
    },
    {
      "Type": "LocationImage",
      "Class": "LocationImage",
      "DisplayName": "LocationImage",
      "Properties": [
        {
          "Property": "DisplayName",
          "Type": "ArticyString"
        },
        {
          "Property": "PreviewImage",
          "Type": "PreviewImage"
        },
        {
          "Property": "Anchors",
          "Type": "Array",
          "ItemType": "LocationAnchor"
        },
        {
          "Property": "Vertices",
          "Type": "Array",
          "ItemType": "Point"
        },
        {
          "Property": "Transform",
          "Type": "Transformation"
        },
        {
          "Property": "ShapeType",
          "Type": "ShapeType"
        },
        {
          "Property": "Color",
          "Type": "Color"
        },
        {
          "Property": "Text",
          "Type": "ArticyString"
        },
        {
          "Property": "ExternalId",
          "Type": "String"
        },
        {
          "Property": "ZIndex",
          "Type": "Float"
        },
        {
          "Property": "Size",
          "Type": "Size"
        },
        {
          "Property": "ShortId",
          "Type": "UInt"
        },
        {
          "Property": "Visibility",
          "Type": "VisibilityModes"
        },
        {
          "Property": "OutlineColor",
          "Type": "Color"
        },
        {
          "Property": "OutlineSize",
          "Type": "Float"
        },
        {
          "Property": "OutlineStyle",
          "Type": "OutlineStyle"
        },
        {
          "Property": "Selectability",
          "Type": "SelectabilityModes"
        },
        {
          "Property": "DropShadow",
          "Type": "Boolean"
        },
        {
          "Property": "ClipRect",
          "Type": "Rect"
        },
        {
          "Property": "ImageOpacity",
          "Type": "Float"
        },
        {
          "Property": "ImageAsset",
          "Type": "Id"
        },
        {
          "Property": "CachedImageWidth",
          "Type": "Int"
        },
        {
          "Property": "CachedImageHeight",
          "Type": "Int"
        },
        {
          "Property": "ShowDisplayName",
          "Type": "Boolean"
        },
        {
          "Property": "DisplayNameColor",
          "Type": "Color"
        },
        {
          "Property": "DisplayNameSize",
          "Type": "Int"
        },
        {
          "Property": "Id",
          "Type": "Id"
        },
        {
          "Property": "TechnicalName",
          "Type": "String"
        },
        {
          "Property": "Parent",
          "Type": "Id"
        }
      ]
    },
    {
      "Type": "Document",
      "Class": "Document",
      "DisplayName": "Document",
      "Properties": [
        {
          "Property": "DisplayName",
          "Type": "ArticyString"
        },
        {
          "Property": "Color",
          "Type": "Color"
        },
        {
          "Property": "Text",
          "Type": "ArticyString"
        },
        {
          "Property": "ExternalId",
          "Type": "String"
        },
        {
          "Property": "Position",
          "Type": "Point"
        },
        {
          "Property": "ZIndex",
          "Type": "Float"
        },
        {
          "Property": "Size",
          "Type": "Size"
        },
        {
          "Property": "ShortId",
          "Type": "UInt"
        },
        {
          "Property": "Id",
          "Type": "Id"
        },
        {
          "Property": "TechnicalName",
          "Type": "String"
        },
        {
          "Property": "Parent",
          "Type": "Id"
        }
      ]
    },
    {
      "Type": "TextObject",
      "Class": "TextObject",
      "DisplayName": "TextObject",
      "Properties": [
        {
          "Property": "DisplayName",
          "Type": "ArticyString"
        },
        {
          "Property": "Attachments",
          "Type": "Array",
          "ItemType": "Id"
        },
        {
          "Property": "PreviewImage",
          "Type": "PreviewImage"
        },
        {
          "Property": "Color",
          "Type": "Color"
        },
        {
          "Property": "Text",
          "Type": "ArticyString"
        },
        {
          "Property": "ExternalId",
          "Type": "String"
        },
        {
          "Property": "Position",
          "Type": "Point"
        },
        {
          "Property": "ZIndex",
          "Type": "Float"
        },
        {
          "Property": "Size",
          "Type": "Size"
        },
        {
          "Property": "ShortId",
          "Type": "UInt"
        },
        {
          "Property": "Id",
          "Type": "Id"
        },
        {
          "Property": "TechnicalName",
          "Type": "String"
        },
        {
          "Property": "Parent",
          "Type": "Id"
        }
      ]
    },
    {
      "Type": "UserFolder",
      "Class": "UserFolder",
      "DisplayName": "UserFolder",
      "Properties": [
        {
          "Property": "DisplayName",
          "Type": "ArticyString"
        },
        {
          "Property": "ExternalId",
          "Type": "String"
        },
        {
          "Property": "ShortId",
          "Type": "UInt"
        },
        {
          "Property": "Id",
          "Type": "Id"
        },
        {
          "Property": "TechnicalName",
          "Type": "String"
        },
        {
          "Property": "Parent",
          "Type": "Id"
        },
        {
          "Property": "ZIndex",
          "Type": "Float"
        }
      ]
    }
  ]
}
