{
  "Id": "0x0100000000000001",
  "TechnicalName": "Homepage",
  "Type": "Project",
  "Children": [
    {
      "Id": "0x03000000F917511B",
      "TechnicalName": "ProjectSettings",
      "Type": "ProjectSettingsFolder",
      "Children": [
        {
          "Id": "0x010000000000000C",
          "TechnicalName": "",
          "Type": "ProjectSettingsFlow"
        },
        {
          "Id": "0x0100000000000007",
          "TechnicalName": "",
          "Type": "ProjectSettingsGeneral"
        },
        {
          "Id": "0x010000000000000A",
          "TechnicalName": "",
          "Type": "ProjectSettingsJourneys"
        },
        {
          "Id": "0x010000000000000B",
          "TechnicalName": "",
          "Type": "ProjectSettingsLocation"
        }
      ]
    },
    {
      "Id": "0x030000002B4F4C54",
      "TechnicalName": "GlobalVariables",
      "Type": "GlobalVariables"
    },
    {
      "Id": "0x0300000043CE43F7",
      "TechnicalName": "Flow",
      "Type": "Flow",
      "Children": [
        {
          "Id": "0x010000000000011D",
          "TechnicalName": "BusScene",
          "Type": "Dialogue",
          "Children": [
            {
              "Id": "0x0100000000000133",
              "TechnicalName": "DFr_9A92C073",
              "Type": "DialogueFragment"
            },
            {
              "Id": "0x0100000000000139",
              "TechnicalName": "DFr_790BE4B2",
              "Type": "DialogueFragment"
            },
            {
              "Id": "0x010000000000013F",
              "TechnicalName": "DFr_53332B01",
              "Type": "DialogueFragment"
            },
            {
              "Id": "0x0100000000000145",
              "TechnicalName": "DFr_CDFB7D83",
              "Type": "DialogueFragment"
            },
            {
              "Id": "0x010000000000014F",
              "TechnicalName": "DFr_4FCF4F96",
              "Type": "DialogueFragment"
            },
            {
              "Id": "0x0100000000000156",
              "TechnicalName": "DFr_54B88CD1",
              "Type": "DialogueFragment"
            }
          ]
        }
      ]
    },
    {
      "Id": "0x03000000AC61A2B3",
      "TechnicalName": "Entities",
      "Type": "Entities",
      "Children": [
        {
          "Id": "0x0100000000000123",
          "TechnicalName": "Ntt_88CA51A5",
          "Type": "Entity"
        },
        {
          "Id": "0x0100000000000127",
          "TechnicalName": "Ntt_3F5CF336",
          "Type": "Entity"
        }
      ]
    },
    {
      "Id": "0x030000003140D3AC",
      "TechnicalName": "Locations",
      "Type": "Locations"
    },
    {
      "Id": "0x03000000103AA2F0",
      "TechnicalName": "Documents",
      "Type": "Documents"
    },
    {
      "Id": "0x03000000236F7272",
      "TechnicalName": "Journeys",
      "Type": "Journeys"
    },
    {
      "Id": "0x0300000029CF057C",
      "TechnicalName": "TemplateDesign",
      "Type": "TemplateDesign",
      "Children": [
        {
          "Id": "0x03000000D2404DC0",
          "TechnicalName": "Features",
          "Type": "Features",
          "Children": [
            {
              "Id": "0x010000000000000F",
              "TechnicalName": "DefaultBasicCharacterFeature",
              "Type": "Feature"
            },
            {
              "Id": "0x0100000000000050",
              "TechnicalName": "DefaultExtendedCharacterFeature",
              "Type": "Feature"
            }
          ]
        },
        {
          "Id": "0x030000002C0951AE",
          "TechnicalName": "PropertyTemplates",
          "Type": "PropertyTemplates",
          "Children": [
            {
              "Id": "0x03000000BB12F1B8",
              "TechnicalName": "",
              "Type": "TypedPropertyTemplates"
            },
            {
              "Id": "0x0300000037DCE3F0",
              "TechnicalName": "",
              "Type": "TypedPropertyTemplates"
            },
            {
              "Id": "0x030000006E2C178B",
              "TechnicalName": "",
              "Type": "TypedPropertyTemplates"
            },
            {
              "Id": "0x03000000D745C449",
              "TechnicalName": "",
              "Type": "TypedPropertyTemplates"
            },
            {
              "Id": "0x030000003630A240",
              "TechnicalName": "",
              "Type": "TypedPropertyTemplates"
            },
            {
              "Id": "0x030000006F82D78E",
              "TechnicalName": "",
              "Type": "TypedPropertyTemplates"
            }
          ]
        },
        {
          "Id": "0x030000009AF68DCD",
          "TechnicalName": "Templates",
          "Type": "Templates",
          "Children": [
            {
              "Id": "0x0300000030635118",
              "TechnicalName": "",
              "Type": "TemplateTypeFolder"
            },
            {
              "Id": "0x03000000DCC67F9D",
              "TechnicalName": "",
              "Type": "TemplateTypeFolder"
            },
            {
              "Id": "0x03000000030B5ACF",
              "TechnicalName": "",
              "Type": "TemplateTypeFolder"
            },
            {
              "Id": "0x030000008DD5C0F2",
              "TechnicalName": "",
              "Type": "TemplateTypeFolder"
            },
            {
              "Id": "0x03000000ECC00F83",
              "TechnicalName": "",
              "Type": "TemplateTypeFolder"
            },
            {
              "Id": "0x0300000078B45A71",
              "TechnicalName": "",
              "Type": "TemplateTypeFolder",
              "Children": [
                {
                  "Id": "0x01000000000000A8",
                  "TechnicalName": "DefaultMainCharacterTemplate",
                  "Type": "Template"
                },
                {
                  "Id": "0x010000000000007E",
                  "TechnicalName": "DefaultSupportingCharacterTemplate",
                  "Type": "Template"
                }
              ]
            },
            {
              "Id": "0x030000006D1BC275",
              "TechnicalName": "",
              "Type": "TemplateTypeFolder"
            },
            {
              "Id": "0x0300000013DF3A1A",
              "TechnicalName": "",
              "Type": "TemplateTypeFolder"
            },
            {
              "Id": "0x03000000CC5A07F0",
              "TechnicalName": "",
              "Type": "TemplateTypeFolder"
            },
            {
              "Id": "0x03000000BA022E2F",
              "TechnicalName": "",
              "Type": "TemplateTypeFolder"
            },
            {
              "Id": "0x03000000ADA9FA17",
              "TechnicalName": "",
              "Type": "TemplateTypeFolder"
            },
            {
              "Id": "0x03000000FB371D5C",
              "TechnicalName": "",
              "Type": "TemplateTypeFolder"
            },
            {
              "Id": "0x0300000092CF598E",
              "TechnicalName": "",
              "Type": "TemplateTypeFolder"
            },
            {
              "Id": "0x030000005314E813",
              "TechnicalName": "",
              "Type": "TemplateTypeFolder"
            },
            {
              "Id": "0x030000004264B29C",
              "TechnicalName": "",
              "Type": "TemplateTypeFolder"
            },
            {
              "Id": "0x03000000F514339C",
              "TechnicalName": "",
              "Type": "TemplateTypeFolder"
            },
            {
              "Id": "0x0300000096812FC1",
              "TechnicalName": "",
              "Type": "TemplateTypeFolder"
            },
            {
              "Id": "0x03000000A715C057",
              "TechnicalName": "",
              "Type": "TemplateTypeFolder"
            }
          ]
        }
      ]
    },
    {
      "Id": "0x03000000173C3392",
      "TechnicalName": "",
      "Type": "RuleSets",
      "Children": [
        {
          "Id": "0x010000000000010D",
          "TechnicalName": "",
          "Type": "RuleSet",
          "Children": [
            {
              "Id": "0x0100000000000110",
              "TechnicalName": "",
              "Type": "RuleSetPackage"
            }
          ]
        }
      ]
    },
    {
      "Id": "0x030000004C3DAF54",
      "TechnicalName": "Assets",
      "Type": "Assets",
      "Children": [
        {
          "Id": "0x0100000000000117",
          "TechnicalName": "Ufo_D96F14EB",
          "Type": "AssetsUserFolder"
        },
        {
          "Id": "0x0100000000000119",
          "TechnicalName": "Ufo_D2230D46",
          "Type": "AssetsUserFolder"
        },
        {
          "Id": "0x0100000000000113",
          "TechnicalName": "Ufo_2341C368",
          "Type": "AssetsUserFolder"
        },
        {
          "Id": "0x010000000000011B",
          "TechnicalName": "Ufo_04289E39",
          "Type": "AssetsUserFolder"
        },
        {
          "Id": "0x0100000000000115",
          "TechnicalName": "Ufo_4F29B871",
          "Type": "AssetsUserFolder"
        }
      ]
    }
  ]
}
