{ "frames": {
   "0": {
    "frame": { "x": 49, "y": 1, "w": 44, "h": 50 },
    "rotated": false,
    "trimmed": true,
    "spriteSourceSize": { "x": 24, "y": 21, "w": 42, "h": 48 },
    "sourceSize": { "w": 96, "h": 96 },
    "duration": 100
   },
   "1": {
    "frame": { "x": 94, "y": 1, "w": 44, "h": 50 },
    "rotated": false,
    "trimmed": true,
    "spriteSourceSize": { "x": 24, "y": 21, "w": 42, "h": 48 },
    "sourceSize": { "w": 96, "h": 96 },
    "duration": 100
   },
   "2": {
    "frame": { "x": 91, "y": 154, "w": 44, "h": 47 },
    "rotated": false,
    "trimmed": true,
    "spriteSourceSize": { "x": 24, "y": 24, "w": 42, "h": 45 },
    "sourceSize": { "w": 96, "h": 96 },
    "duration": 100
   },
   "3": {
    "frame": { "x": 139, "y": 1, "w": 44, "h": 50 },
    "rotated": false,
    "trimmed": true,
    "spriteSourceSize": { "x": 24, "y": 21, "w": 42, "h": 48 },
    "sourceSize": { "w": 96, "h": 96 },
    "duration": 100
   },
   "4": {
    "frame": { "x": 184, "y": 1, "w": 44, "h": 50 },
    "rotated": false,
    "trimmed": true,
    "spriteSourceSize": { "x": 24, "y": 21, "w": 42, "h": 48 },
    "sourceSize": { "w": 96, "h": 96 },
    "duration": 100
   },
   "5": {
    "frame": { "x": 229, "y": 1, "w": 44, "h": 50 },
    "rotated": false,
    "trimmed": true,
    "spriteSourceSize": { "x": 24, "y": 21, "w": 42, "h": 48 },
    "sourceSize": { "w": 96, "h": 96 },
    "duration": 100
   },
   "6": {
    "frame": { "x": 1, "y": 52, "w": 44, "h": 50 },
    "rotated": false,
    "trimmed": true,
    "spriteSourceSize": { "x": 24, "y": 21, "w": 42, "h": 48 },
    "sourceSize": { "w": 96, "h": 96 },
    "duration": 100
   },
   "7": {
    "frame": { "x": 184, "y": 1, "w": 44, "h": 50 },
    "rotated": false,
    "trimmed": true,
    "spriteSourceSize": { "x": 24, "y": 21, "w": 42, "h": 48 },
    "sourceSize": { "w": 96, "h": 96 },
    "duration": 100
   },
   "8": {
    "frame": { "x": 229, "y": 1, "w": 44, "h": 50 },
    "rotated": false,
    "trimmed": true,
    "spriteSourceSize": { "x": 24, "y": 21, "w": 42, "h": 48 },
    "sourceSize": { "w": 96, "h": 96 },
    "duration": 100
   },
   "9": {
    "frame": { "x": 1, "y": 52, "w": 44, "h": 50 },
    "rotated": false,
    "trimmed": true,
    "spriteSourceSize": { "x": 24, "y": 21, "w": 42, "h": 48 },
    "sourceSize": { "w": 96, "h": 96 },
    "duration": 100
   },
   "10": {
    "frame": { "x": 46, "y": 52, "w": 44, "h": 50 },
    "rotated": false,
    "trimmed": true,
    "spriteSourceSize": { "x": 24, "y": 21, "w": 42, "h": 48 },
    "sourceSize": { "w": 96, "h": 96 },
    "duration": 100
   },
   "11": {
    "frame": { "x": 91, "y": 52, "w": 44, "h": 50 },
    "rotated": false,
    "trimmed": true,
    "spriteSourceSize": { "x": 21, "y": 18, "w": 42, "h": 48 },
    "sourceSize": { "w": 96, "h": 96 },
    "duration": 100
   },
   "12": {
    "frame": { "x": 136, "y": 52, "w": 44, "h": 50 },
    "rotated": false,
    "trimmed": true,
    "spriteSourceSize": { "x": 24, "y": 18, "w": 42, "h": 48 },
    "sourceSize": { "w": 96, "h": 96 },
    "duration": 100
   },
   "13": {
    "frame": { "x": 181, "y": 52, "w": 44, "h": 50 },
    "rotated": false,
    "trimmed": true,
    "spriteSourceSize": { "x": 27, "y": 21, "w": 42, "h": 48 },
    "sourceSize": { "w": 96, "h": 96 },
    "duration": 100
   },
   "14": {
    "frame": { "x": 226, "y": 52, "w": 44, "h": 50 },
    "rotated": false,
    "trimmed": true,
    "spriteSourceSize": { "x": 27, "y": 27, "w": 42, "h": 48 },
    "sourceSize": { "w": 96, "h": 96 },
    "duration": 100
   },
   "15": {
    "frame": { "x": 1, "y": 103, "w": 44, "h": 50 },
    "rotated": false,
    "trimmed": true,
    "spriteSourceSize": { "x": 27, "y": 24, "w": 42, "h": 48 },
    "sourceSize": { "w": 96, "h": 96 },
    "duration": 100
   },
   "16": {
    "frame": { "x": 1, "y": 103, "w": 44, "h": 50 },
    "rotated": false,
    "trimmed": true,
    "spriteSourceSize": { "x": 24, "y": 24, "w": 42, "h": 48 },
    "sourceSize": { "w": 96, "h": 96 },
    "duration": 100
   },
   "17": {
    "frame": { "x": 46, "y": 103, "w": 44, "h": 50 },
    "rotated": false,
    "trimmed": true,
    "spriteSourceSize": { "x": 24, "y": 21, "w": 42, "h": 48 },
    "sourceSize": { "w": 96, "h": 96 },
    "duration": 100
   },
   "18": {
    "frame": { "x": 46, "y": 103, "w": 44, "h": 50 },
    "rotated": false,
    "trimmed": true,
    "spriteSourceSize": { "x": 24, "y": 21, "w": 42, "h": 48 },
    "sourceSize": { "w": 96, "h": 96 },
    "duration": 100
   },
   "19": {
    "frame": { "x": 46, "y": 103, "w": 44, "h": 50 },
    "rotated": false,
    "trimmed": true,
    "spriteSourceSize": { "x": 24, "y": 21, "w": 42, "h": 48 },
    "sourceSize": { "w": 96, "h": 96 },
    "duration": 100
   },
   "20": {
    "frame": { "x": 91, "y": 103, "w": 44, "h": 50 },
    "rotated": false,
    "trimmed": true,
    "spriteSourceSize": { "x": 24, "y": 21, "w": 42, "h": 48 },
    "sourceSize": { "w": 96, "h": 96 },
    "duration": 100
   },
   "21": {
    "frame": { "x": 1, "y": 1, "w": 47, "h": 50 },
    "rotated": false,
    "trimmed": true,
    "spriteSourceSize": { "x": 24, "y": 21, "w": 45, "h": 48 },
    "sourceSize": { "w": 96, "h": 96 },
    "duration": 100
   },
   "22": {
    "frame": { "x": 136, "y": 103, "w": 44, "h": 50 },
    "rotated": false,
    "trimmed": true,
    "spriteSourceSize": { "x": 27, "y": 21, "w": 42, "h": 48 },
    "sourceSize": { "w": 96, "h": 96 },
    "duration": 100
   },
   "23": {
    "frame": { "x": 181, "y": 103, "w": 44, "h": 50 },
    "rotated": false,
    "trimmed": true,
    "spriteSourceSize": { "x": 24, "y": 21, "w": 42, "h": 48 },
    "sourceSize": { "w": 96, "h": 96 },
    "duration": 100
   },
   "24": {
    "frame": { "x": 226, "y": 103, "w": 44, "h": 50 },
    "rotated": false,
    "trimmed": true,
    "spriteSourceSize": { "x": 21, "y": 21, "w": 42, "h": 48 },
    "sourceSize": { "w": 96, "h": 96 },
    "duration": 100
   },
   "25": {
    "frame": { "x": 181, "y": 103, "w": 44, "h": 50 },
    "rotated": false,
    "trimmed": true,
    "spriteSourceSize": { "x": 24, "y": 21, "w": 42, "h": 48 },
    "sourceSize": { "w": 96, "h": 96 },
    "duration": 100
   },
   "26": {
    "frame": { "x": 1, "y": 154, "w": 44, "h": 50 },
    "rotated": false,
    "trimmed": true,
    "spriteSourceSize": { "x": 30, "y": 21, "w": 42, "h": 48 },
    "sourceSize": { "w": 96, "h": 96 },
    "duration": 100
   },
   "27": {
    "frame": { "x": 1, "y": 1, "w": 47, "h": 50 },
    "rotated": false,
    "trimmed": true,
    "spriteSourceSize": { "x": 24, "y": 21, "w": 45, "h": 48 },
    "sourceSize": { "w": 96, "h": 96 },
    "duration": 100
   },
   "28": {
    "frame": { "x": 46, "y": 154, "w": 44, "h": 50 },
    "rotated": false,
    "trimmed": true,
    "spriteSourceSize": { "x": 24, "y": 21, "w": 42, "h": 48 },
    "sourceSize": { "w": 96, "h": 96 },
    "duration": 100
   },
   "29": {
    "frame": { "x": 46, "y": 154, "w": 44, "h": 50 },
    "rotated": false,
    "trimmed": true,
    "spriteSourceSize": { "x": 24, "y": 21, "w": 42, "h": 48 },
    "sourceSize": { "w": 96, "h": 96 },
    "duration": 100
   }
 },
 "meta": {
  "app": "https://www.aseprite.org/",
  "version": "1.3.2-arm64",
  "image": "LudoHead.png",
  "format": "RGBA8888",
  "size": { "w": 274, "h": 205 },
  "scale": "1",
  "frameTags": [
   { "name": "idle", "from": 0, "to": 3, "direction": "forward", "color": "#000000ff" },
   { "name": "talking", "from": 4, "to": 9, "direction": "forward", "color": "#000000ff" },
   { "name": "yes", "from": 10, "to": 19, "direction": "forward", "color": "#000000ff" },
   { "name": "no", "from": 20, "to": 29, "direction": "forward", "color": "#000000ff" }
  ],
  "layers": [
   { "name": "Sprite Sheet", "opacity": 255, "blendMode": "normal" }
  ],
  "slices": [
  ]
 }
}
